cmtuqgwb500br4gyx0ow4o6g4	nameRu	市场营销
cmtuqgwb900bs4gyxep9h3z13	nameRu	物流管理
cmtuqgwbd00bt4gyx14kjlwlb	nameRu	经济学
cmtuqgwbg00bu4gyxm7bpar8p	nameRu	财政学
cmtuqgwbj00bv4gyx5611urcw	nameRu	保险学
cmtuqgwbn00bw4gyx5za72h2t	nameRu	会计学
cmtuqgwbr00bx4gyxh1vysigq	nameRu	财务管理
cmtuqgwbv00by4gyxe95wz2r8	nameRu	管理科学
cmtuqgwbz00bz4gyxkgoefqd4	nameRu	法学
cmtuqgwc300c04gyx4kwn1p0t	nameRu	国际法
cmtuqgwc700c14gyxv724qd9m	nameRu	政治学与行政学
cmtuqgwcb00c24gyxbvu86btl	nameRu	外交学
cmtuqgwcf00c34gyxyo0ogajj	nameRu	行政管理
cmtuqgwcj00c44gyxqbrou29s	nameRu	公共事业管理
cmtuqgwcn00c54gyx3ogy4ur4	nameRu	劳动与社会保障
cmtuqgwcq00c64gyxrpe2adb8	nameRu	图书馆学
cmtuqgwcu00c74gyxai6w5usp	nameRu	信息管理与信息系统
cmtuqgwcx00c84gyx5xzs8xpn	nameRu	档案学
cmtuqgwd100c94gyxtds5i6in	nameRu	编辑出版学
cmtuqgwd400ca4gyxp056y4tv	nameRu	大数据管理与应用
cmtuqgwd800cb4gyx0b6eata6	nameRu	电子商务
cmtuqgwdc00cc4gyxnyt2h40n	nameRu	汉语言
cmtuqgwdg00cd4gyxb9o647zm	nameRu	戏剧影视文学（门类：文字）
cmtuqgwdj00ce4gyxywo4rxz4	nameRu	数据科学与大数据技术
cmtuqgwdn00cf4gyxoakr96ps	nameRu	数学与应用数学
cmtuqgwdq00cg4gyxiwtpv6at	nameRu	信息与计算科学
cmtuqgwdu00ch4gyxu1wot5zk	nameRu	统计学
cmtuqgwdz00ci4gyxict74m0y	nameRu	物理学
cmtuqgwe300cj4gyxkq5d6fhz	nameRu	材料物理
cmtuqgwe700ck4gyxjnkm232v	nameRu	化学
cmtuqgweb00cl4gyxzrdy49s1	nameRu	应用化学
cmtuqgwef00cm4gyxul3ksl8j	nameRu	生物科学
cmtuqgwei00cn4gyx64t0neol	nameRu	地理科学
cmtuqgwem00co4gyxf2yvuzmb	nameRu	地理信息科学
cmtuqgwep00cp4gyxf14564lz	nameRu	环境科学
cmtuqgwet00cq4gyxa7dswvnv	nameRu	环境工程
cmtuqgwex00cr4gyxgva9c8bf	nameRu	土地资源管理
cmtuqgwf100cs4gyxekr0jaip	nameRu	智慧城市与空间规划
cmtuqgwf500ct4gyxt2oqsc0t	nameRu	核工程与核技术
cmtuqgwf900cu4gyx4lyjcuba	nameRu	机械设计制造及其自动化
cmtuqgwfc00cv4gyxe8qiu6oh	nameRu	能源与动力工程
cmtuqgwfg00cw4gyxo3o08sne	nameRu	能源化学工程
cmtuqgwfk00cx4gyxu5bmuv99	nameRu	智能制造工程
cmtuqgwfn00cy4gyxsr2qvtvm	nameRu	智慧能源工程
cmtuqgwfr00cz4gyx1q4ozdd5	nameRu	电气工程及其自动化
cmtuqgwfv00d04gyx0pzn0f0x	nameRu	土木工程
cmtuqgwfy00d14gyxunk6ahti	nameRu	工程力学
cmtuqgwg200d24gyxusjn8dik	nameRu	智能建造
cmtuqgwg600d34gyxot2312s1	nameRu	给排水科学与工程
cmtuqgwg900d44gyxciuiha1p	nameRu	水利水电工程
cmtuqgwgd00d54gyx7rpa8c4s	nameRu	水文与水资源工程
cmtuqgwgg00d64gyxvvm46lla	nameRu	港口航道与海岸工程
cmtuqgwgk00d74gyxj6xgw31j	nameRu	农业水利工程
cmtuqgwgo00d84gyxa8v3khz3	nameRu	智慧水利
cmtuqgwgr00d94gyxwf7et96t	nameRu	智慧建筑与建造
cmtuqgwgu00da4gyx5ghos1qv	nameRu	城乡规划
cmtuqgwgy00db4gyxv1b85ele	nameRu	环境设计
cmtuqgwh200dc4gyx4sbv8q2r	nameRu	产品设计
cmtuqgwh600dd4gyxk65nwq0m	nameRu	通信工程
cmtuqgwha00de4gyxgs6vgpke	nameRu	电子信息工程
cmtuqgwhd00df4gyxvnzy90hn	nameRu	软件工程
cmtuqgwhh00dg4gyxxff7qyzd	nameRu	计算机科学与技术
cmtuqgwhl00dh4gyxmxesv0a8	nameRu	网络空间安全
cmtuqgwhp00di4gyxy8yxws3v	nameRu	信息安全
cmtuqgwhu00dj4gyxqh16wfm4	nameRu	密码科学与技术
cmtuqgwhy00dk4gyxc9egetwx	nameRu	遥感科学与技术
cmtuqgwi300dl4gyxlyafdwx3	nameRu	空间信息与数字技术
cmtuqgwi600dm4gyx2oq1p3rq	nameRu	测绘工程
cmtuqgwia00dn4gyxklnuyywr	nameRu	导航工程
cmtuqgwid00do4gyxbfcqb4o9	nameRu	地球物理学
cmtuqgwig00dp4gyxs7foxfin	nameRu	电波传播与天线
cmtuqgwik00dq4gyx2yn5ng44	nameRu	临床医学
cmtuqgwin00dr4gyx8whufxlr	nameRu	口腔医学
cmtuqgwir00ds4gyx97ttn63w	nameRu	药学
cmtuqgwiv00dt4gyxjej434dq	nameRu	生物制药
cmtuqgwiy00du4gyx8rt9ilnq	nameRu	护理学
cmtuqgwj200dv4gyxcun56865	nameRu	预防医学
cmtuqgwj500dw4gyx9yuxpr83	nameRu	全球健康学
cmtuqgwj900dx4gyxjbaht96v	nameRu	工商管理(英文授课)
cmtuqgwjc00dy4gyxvbh2g3b3	nameRu	人力资源管理(英文授课)
cmtuqgwjf00dz4gyx0iwx40cy	nameRu	市场营销(英文授课)
cmtuqgwjj00e04gyxjkm41g2g	nameRu	会计学(英文授课)
cmtuqgwjm00e14gyxff9mhgac	nameRu	财务管理(英文授课)
cmtuqgwjq00e24gyxfy2rb4t3	nameRu	金融学(英文授课)
cmtuqgwju00e34gyx7qgzr8dx	nameRu	保险学(英文授课)
cmtuqgwjx00e44gyxt6s2g9n9	nameRu	国际经济与贸易(英文授课)
cmtuqgwk000e54gyx957ujser	nameRu	电子商务(英文授课)
cmtuqgwk400e64gyxngcee484	nameRu	软件工程(英文授课)
cmtuqgwk700e74gyxiki3ec77	nameRu	地理科学(英文授课)
cmtuqgwkb00e84gyxz8njn5u8	nameRu	地理信息科学(英文授课)
cmtuqgwkf00e94gyxflt69myf	nameRu	环境科学(英文授课)
cmtuqgwki00ea4gyxtc60fmqu	nameRu	临床医学(英文授课)
cmtuqgwmk00eb4gyx5g68io64	nameRu	哲学
cmtuqgwmp00ec4gyx00oqdgun	nameRu	汉语言文学
cmtuqgwms00ed4gyxfebm4bad	nameRu	古典文献学
cmtuqgwmw00ee4gyxy4s01mgq	nameRu	历史学
cmtuqgwmz00ef4gyxqhml73fc	nameRu	文物与博物馆学
cmtuqgwn300eg4gyxptxll8wq	nameRu	考古学
cmtuqgwn600eh4gyx2xzkbopa	nameRu	艺术与科技
cmtuqgwn900ei4gyx1asbxgke	nameRu	新闻学
cmtuqgwnc00ej4gyxoho3brhp	nameRu	传播学
cmtuqgwnf00ek4gyxtc8gavn0	nameRu	英语
cmtuqgwnj00el4gyxan99akxf	nameRu	翻译
cmtuqgwnn00em4gyxvqi7x26j	nameRu	俄语
cmtuqgwnq00en4gyx7esp4b4g	nameRu	日语
cmtuqgwnt00eo4gyx1dkqvz38	nameRu	德语
cmtuqgwnx00ep4gyxn1ae1fdk	nameRu	法语
cmtuqgwo100eq4gyxadmn1kzw	nameRu	西班牙语
cmtuqgwo400er4gyxsgbs32f7	nameRu	经济学
cmtuqgwo700es4gyxig9vrtbo	nameRu	金融学
cmtuqgwob00et4gyxhy3r1af1	nameRu	财政学
cmtuqgwof00eu4gyx14peyeqz	nameRu	国际经济与贸易
cmtuqgwoi00ev4gyxt9t04nhy	nameRu	教育学
cmtuqgwol00ew4gyxmlh4o8xa	nameRu	工商管理
cmtuqgwop00ex4gyxxxesmlcx	nameRu	信息管理与信息系统
cmtuqgwot00ey4gyxw8c0cnl0	nameRu	会计学
cmtuqgwow00ez4gyxcuipof5i	nameRu	农林经济管理
cmtuqgwp000f04gyxjj07yeqi	nameRu	行政管理
cmtuqgwp400f14gyxhw5zo845	nameRu	土地资源管理
cmtuqgwp800f24gyxpwf7zb7b	nameRu	劳动与社会保障
cmtuqgwpb00f34gyxpy1lefvz	nameRu	政治学与行政学
cmtuqgwpf00f44gyxf7n7wtn2	nameRu	社会学
cmtuqgwpj00f54gyxvo5tfm6c	nameRu	法学
cmtuqgwpm00f64gyxuzfnmzon	nameRu	数学与应用数学
cmtuqgwpp00f74gyxnkg1x1cn	nameRu	信息与计算科学
cmtuqgwpt00f84gyxmy954zoo	nameRu	统计学
cmtuqgwpw00f94gyxy3v19t3q	nameRu	物理学
cmtuqgwpz00fa4gyx8rnfpae1	nameRu	化学
cmtuqgwq300fb4gyxuc0ho81i	nameRu	心理学
cmtuqgwq600fc4gyxoy5wa3a8	nameRu	地理信息科学
cmtuqgwq900fd4gyxg84xhlju	nameRu	大气科学
cmtuqgwqc00fe4gyxbw5zm7ge	nameRu	地质学
cmtuqgwqg00ff4gyxip8nf0yq	nameRu	机械工程
cmtuqgwqk00fg4gyxq7o0dpvq	nameRu	能源与环境系统工程
cmtuqgwqp00fh4gyxktwtfhxi	nameRu	车辆工程
cmtuqgwqt00fi4gyxc5c25isj	nameRu	过程装备与控制工程
cmtuqgwqx00fj4gyxbknq1cik	nameRu	化学工程与工艺
cmtuqgwr000fk4gyx6hqz0dmn	nameRu	生物工程
cmtuqgwr400fl4gyx6rt33lb4	nameRu	高分子材料与工程
cmtuqgwr700fm4gyxrq1d3dxj	nameRu	材料科学与工程
cmtuqgwrc00fn4gyxhp5q9ymp	nameRu	建筑学
cmtuqgwri00fo4gyx25nu7p40	nameRu	城乡规划
cmtuqgwrm00fp4gyxrub2mort	nameRu	土木、水利与交通工程
cmtuqgwrq00fq4gyxjnpfatdq	nameRu	电气工程及其自动化
cmtuqgwrt00fr4gyxitkojzbr	nameRu	电子信息工程
cmtuqgwrx00fs4gyxihntf1yz	nameRu	工程力学
cmtuqgws100ft4gyxaj7w32le	nameRu	飞行器设计与工程
cmtuqgws400fu4gyxpdj1b286	nameRu	海洋工程与技术
cmtuqgws800fv4gyxit4w87rw	nameRu	海洋科学
cmtuqgwsd00fw4gyx9hxp4ybj	nameRu	光电信息科学与工程
cmtuqgwsi00fx4gyxv052x68x	nameRu	信息工程
cmtuqgwsm00fy4gyx6ic7ppiz	nameRu	电子科学与技术
cmtuqgwsp00fz4gyxov62gcyj	nameRu	微电子科学与工程
cmtuqgwss00g04gyxcq31zx0c	nameRu	工业设计
cmtuqgwsv00g14gyxrko15iab	nameRu	计算机科学与技术
cmtuqgwsy00g24gyxmg0nvg85	nameRu	软件工程
cmtuqgwt200g34gyx8dx2341e	nameRu	信息安全
cmtuqgwt500g44gyxbu4yvwwf	nameRu	自动化
cmtuqgwt800g54gyxbcnzxlqr	nameRu	生物医学工程
cmtuqgwtb00g64gyxehji4f91	nameRu	生物科学
cmtuqgwtf00g74gyx9nzvb0nk	nameRu	生态学
cmtuqgwth00g84gyxwz88f99u	nameRu	环境科学
cmtuqgwtl00g94gyx4ciybi0x	nameRu	环境工程
cmtuqgwto00ga4gyx6jtv72qu	nameRu	农业资源与环境
cmtuqgwts00gb4gyx4ds3200j	nameRu	农学
cmtuqgwtv00gc4gyx2jxckhs9	nameRu	园艺
cmtuqgwty00gd4gyxehd55p4p	nameRu	植物保护
cmtuqgwu100ge4gyx8d7vtzod	nameRu	茶学
cmtuqgwu400gf4gyx8j1051kl	nameRu	园林
cmtuqgwu700gg4gyx9gv3eij6	nameRu	动物科学
cmtuqgwub00gh4gyxrm6h6bxw	nameRu	动物医学
cmtuqgwuf00gi4gyxqnsbvg5l	nameRu	食品科学与工程
cmtuqgwui00gj4gyxrqw40nxo	nameRu	农业工程
cmtuqgwul00gk4gyxwxj1u8th	nameRu	临床医学
cmtuqgwup00gl4gyx9zlugq9j	nameRu	预防医学
cmtuqgwus00gm4gyxf2n8wpho	nameRu	口腔医学
cmtuqgwuv00gn4gyxgqzu01qo	nameRu	药学
cmtuqgwuy00go4gyx8crrm5xd	nameRu	汉语言(国际学生)
cmtuqgwv200gp4gyxgnp8x5bp	nameRu	临床医学(英文授课)
cmtuqgwv600gq4gyxzoebypxp	nameRu	生物医学工程(英文授课)
cmtuqgwva00gr4gyx2li6zwu3	nameRu	传播学(全球传播与管理)(英文授课)
cmtuqgwvd00gs4gyxswpc9zoz	nameRu	生物医学(中外合作办学双学位)(英文授课)
cmtuqgwvg00gt4gyx5060fu37	nameRu	生物信息学(中外合作办学双学位)(英文授课)
cmtuqgwb500br4gyx0ow4o6g4	requirementsRu	非中国籍公民,符合教育部教外函〔2020〕12号文件要求(父母一方为中国公民或本人从中国大陆/港澳台移民取得外国国籍的,须入籍4年以上且近4年内在国外实际居住2年以上);身心健康;年龄原则上18至30岁(以2026年9月1日为准),未满18周岁须提交监护人保证书。语言要求:中文授课须新HSK4级180分(含)以上,母语为汉语或高中阶段使用汉语授课者经认定可免;英文授课须TOEFL 80+、TOEFL Essential 8+或IELTS 6.0+,母语为英语或上一学历英语授课者经认定可免。申请材料须含CSCA考试成绩;材料评审通过后须参加面试和笔试,CSCA成绩特别优秀者经评审可免面试。另须个人经济能力证明(5000美元或以上)、6个月内体检报告。汉语言专业插班:HSK4级180分以上且学习汉语言一年以上成绩优秀者可申请插入二年级,HSK5级180分以上者可申请插入三年级。学费:中文授课文科20000元/年、理工24000元/年、医学30000元/年;英文授课文科23000元/年、理工28000元/年、医学40000元/年。申请费800元(在线缴纳);医疗保险800-1500元/年(所有留学生必须在校购买);住宿9600-28000元/年;另体检约500元、居留许可400元/年、教材至少500元/年。本科学制四至六年(临床医学中文授课5年、英文授课MBBS6年,口腔医学、预防医学5年)。
cmtuqgwb900bs4gyxep9h3z13	requirementsRu	非中国籍公民,符合教育部教外函〔2020〕12号文件要求(父母一方为中国公民或本人从中国大陆/港澳台移民取得外国国籍的,须入籍4年以上且近4年内在国外实际居住2年以上);身心健康;年龄原则上18至30岁(以2026年9月1日为准),未满18周岁须提交监护人保证书。语言要求:中文授课须新HSK4级180分(含)以上,母语为汉语或高中阶段使用汉语授课者经认定可免;英文授课须TOEFL 80+、TOEFL Essential 8+或IELTS 6.0+,母语为英语或上一学历英语授课者经认定可免。申请材料须含CSCA考试成绩;材料评审通过后须参加面试和笔试,CSCA成绩特别优秀者经评审可免面试。另须个人经济能力证明(5000美元或以上)、6个月内体检报告。汉语言专业插班:HSK4级180分以上且学习汉语言一年以上成绩优秀者可申请插入二年级,HSK5级180分以上者可申请插入三年级。学费:中文授课文科20000元/年、理工24000元/年、医学30000元/年;英文授课文科23000元/年、理工28000元/年、医学40000元/年。申请费800元(在线缴纳);医疗保险800-1500元/年(所有留学生必须在校购买);住宿9600-28000元/年;另体检约500元、居留许可400元/年、教材至少500元/年。本科学制四至六年(临床医学中文授课5年、英文授课MBBS6年,口腔医学、预防医学5年)。
cmtuqgwbd00bt4gyx14kjlwlb	requirementsRu	非中国籍公民,符合教育部教外函〔2020〕12号文件要求(父母一方为中国公民或本人从中国大陆/港澳台移民取得外国国籍的,须入籍4年以上且近4年内在国外实际居住2年以上);身心健康;年龄原则上18至30岁(以2026年9月1日为准),未满18周岁须提交监护人保证书。语言要求:中文授课须新HSK4级180分(含)以上,母语为汉语或高中阶段使用汉语授课者经认定可免;英文授课须TOEFL 80+、TOEFL Essential 8+或IELTS 6.0+,母语为英语或上一学历英语授课者经认定可免。申请材料须含CSCA考试成绩;材料评审通过后须参加面试和笔试,CSCA成绩特别优秀者经评审可免面试。另须个人经济能力证明(5000美元或以上)、6个月内体检报告。汉语言专业插班:HSK4级180分以上且学习汉语言一年以上成绩优秀者可申请插入二年级,HSK5级180分以上者可申请插入三年级。学费:中文授课文科20000元/年、理工24000元/年、医学30000元/年;英文授课文科23000元/年、理工28000元/年、医学40000元/年。申请费800元(在线缴纳);医疗保险800-1500元/年(所有留学生必须在校购买);住宿9600-28000元/年;另体检约500元、居留许可400元/年、教材至少500元/年。本科学制四至六年(临床医学中文授课5年、英文授课MBBS6年,口腔医学、预防医学5年)。
cmtuqgwbg00bu4gyxm7bpar8p	requirementsRu	非中国籍公民,符合教育部教外函〔2020〕12号文件要求(父母一方为中国公民或本人从中国大陆/港澳台移民取得外国国籍的,须入籍4年以上且近4年内在国外实际居住2年以上);身心健康;年龄原则上18至30岁(以2026年9月1日为准),未满18周岁须提交监护人保证书。语言要求:中文授课须新HSK4级180分(含)以上,母语为汉语或高中阶段使用汉语授课者经认定可免;英文授课须TOEFL 80+、TOEFL Essential 8+或IELTS 6.0+,母语为英语或上一学历英语授课者经认定可免。申请材料须含CSCA考试成绩;材料评审通过后须参加面试和笔试,CSCA成绩特别优秀者经评审可免面试。另须个人经济能力证明(5000美元或以上)、6个月内体检报告。汉语言专业插班:HSK4级180分以上且学习汉语言一年以上成绩优秀者可申请插入二年级,HSK5级180分以上者可申请插入三年级。学费:中文授课文科20000元/年、理工24000元/年、医学30000元/年;英文授课文科23000元/年、理工28000元/年、医学40000元/年。申请费800元(在线缴纳);医疗保险800-1500元/年(所有留学生必须在校购买);住宿9600-28000元/年;另体检约500元、居留许可400元/年、教材至少500元/年。本科学制四至六年(临床医学中文授课5年、英文授课MBBS6年,口腔医学、预防医学5年)。
cmtuqgwbj00bv4gyx5611urcw	requirementsRu	非中国籍公民,符合教育部教外函〔2020〕12号文件要求(父母一方为中国公民或本人从中国大陆/港澳台移民取得外国国籍的,须入籍4年以上且近4年内在国外实际居住2年以上);身心健康;年龄原则上18至30岁(以2026年9月1日为准),未满18周岁须提交监护人保证书。语言要求:中文授课须新HSK4级180分(含)以上,母语为汉语或高中阶段使用汉语授课者经认定可免;英文授课须TOEFL 80+、TOEFL Essential 8+或IELTS 6.0+,母语为英语或上一学历英语授课者经认定可免。申请材料须含CSCA考试成绩;材料评审通过后须参加面试和笔试,CSCA成绩特别优秀者经评审可免面试。另须个人经济能力证明(5000美元或以上)、6个月内体检报告。汉语言专业插班:HSK4级180分以上且学习汉语言一年以上成绩优秀者可申请插入二年级,HSK5级180分以上者可申请插入三年级。学费:中文授课文科20000元/年、理工24000元/年、医学30000元/年;英文授课文科23000元/年、理工28000元/年、医学40000元/年。申请费800元(在线缴纳);医疗保险800-1500元/年(所有留学生必须在校购买);住宿9600-28000元/年;另体检约500元、居留许可400元/年、教材至少500元/年。本科学制四至六年(临床医学中文授课5年、英文授课MBBS6年,口腔医学、预防医学5年)。
cmtuqgwbn00bw4gyx5za72h2t	requirementsRu	非中国籍公民,符合教育部教外函〔2020〕12号文件要求(父母一方为中国公民或本人从中国大陆/港澳台移民取得外国国籍的,须入籍4年以上且近4年内在国外实际居住2年以上);身心健康;年龄原则上18至30岁(以2026年9月1日为准),未满18周岁须提交监护人保证书。语言要求:中文授课须新HSK4级180分(含)以上,母语为汉语或高中阶段使用汉语授课者经认定可免;英文授课须TOEFL 80+、TOEFL Essential 8+或IELTS 6.0+,母语为英语或上一学历英语授课者经认定可免。申请材料须含CSCA考试成绩;材料评审通过后须参加面试和笔试,CSCA成绩特别优秀者经评审可免面试。另须个人经济能力证明(5000美元或以上)、6个月内体检报告。汉语言专业插班:HSK4级180分以上且学习汉语言一年以上成绩优秀者可申请插入二年级,HSK5级180分以上者可申请插入三年级。学费:中文授课文科20000元/年、理工24000元/年、医学30000元/年;英文授课文科23000元/年、理工28000元/年、医学40000元/年。申请费800元(在线缴纳);医疗保险800-1500元/年(所有留学生必须在校购买);住宿9600-28000元/年;另体检约500元、居留许可400元/年、教材至少500元/年。本科学制四至六年(临床医学中文授课5年、英文授课MBBS6年,口腔医学、预防医学5年)。
cmtuqgwbr00bx4gyxh1vysigq	requirementsRu	非中国籍公民,符合教育部教外函〔2020〕12号文件要求(父母一方为中国公民或本人从中国大陆/港澳台移民取得外国国籍的,须入籍4年以上且近4年内在国外实际居住2年以上);身心健康;年龄原则上18至30岁(以2026年9月1日为准),未满18周岁须提交监护人保证书。语言要求:中文授课须新HSK4级180分(含)以上,母语为汉语或高中阶段使用汉语授课者经认定可免;英文授课须TOEFL 80+、TOEFL Essential 8+或IELTS 6.0+,母语为英语或上一学历英语授课者经认定可免。申请材料须含CSCA考试成绩;材料评审通过后须参加面试和笔试,CSCA成绩特别优秀者经评审可免面试。另须个人经济能力证明(5000美元或以上)、6个月内体检报告。汉语言专业插班:HSK4级180分以上且学习汉语言一年以上成绩优秀者可申请插入二年级,HSK5级180分以上者可申请插入三年级。学费:中文授课文科20000元/年、理工24000元/年、医学30000元/年;英文授课文科23000元/年、理工28000元/年、医学40000元/年。申请费800元(在线缴纳);医疗保险800-1500元/年(所有留学生必须在校购买);住宿9600-28000元/年;另体检约500元、居留许可400元/年、教材至少500元/年。本科学制四至六年(临床医学中文授课5年、英文授课MBBS6年,口腔医学、预防医学5年)。
cmtuqgwbv00by4gyxe95wz2r8	requirementsRu	非中国籍公民,符合教育部教外函〔2020〕12号文件要求(父母一方为中国公民或本人从中国大陆/港澳台移民取得外国国籍的,须入籍4年以上且近4年内在国外实际居住2年以上);身心健康;年龄原则上18至30岁(以2026年9月1日为准),未满18周岁须提交监护人保证书。语言要求:中文授课须新HSK4级180分(含)以上,母语为汉语或高中阶段使用汉语授课者经认定可免;英文授课须TOEFL 80+、TOEFL Essential 8+或IELTS 6.0+,母语为英语或上一学历英语授课者经认定可免。申请材料须含CSCA考试成绩;材料评审通过后须参加面试和笔试,CSCA成绩特别优秀者经评审可免面试。另须个人经济能力证明(5000美元或以上)、6个月内体检报告。汉语言专业插班:HSK4级180分以上且学习汉语言一年以上成绩优秀者可申请插入二年级,HSK5级180分以上者可申请插入三年级。学费:中文授课文科20000元/年、理工24000元/年、医学30000元/年;英文授课文科23000元/年、理工28000元/年、医学40000元/年。申请费800元(在线缴纳);医疗保险800-1500元/年(所有留学生必须在校购买);住宿9600-28000元/年;另体检约500元、居留许可400元/年、教材至少500元/年。本科学制四至六年(临床医学中文授课5年、英文授课MBBS6年,口腔医学、预防医学5年)。
cmtuqgwbz00bz4gyxkgoefqd4	requirementsRu	非中国籍公民,符合教育部教外函〔2020〕12号文件要求(父母一方为中国公民或本人从中国大陆/港澳台移民取得外国国籍的,须入籍4年以上且近4年内在国外实际居住2年以上);身心健康;年龄原则上18至30岁(以2026年9月1日为准),未满18周岁须提交监护人保证书。语言要求:中文授课须新HSK4级180分(含)以上,母语为汉语或高中阶段使用汉语授课者经认定可免;英文授课须TOEFL 80+、TOEFL Essential 8+或IELTS 6.0+,母语为英语或上一学历英语授课者经认定可免。申请材料须含CSCA考试成绩;材料评审通过后须参加面试和笔试,CSCA成绩特别优秀者经评审可免面试。另须个人经济能力证明(5000美元或以上)、6个月内体检报告。汉语言专业插班:HSK4级180分以上且学习汉语言一年以上成绩优秀者可申请插入二年级,HSK5级180分以上者可申请插入三年级。学费:中文授课文科20000元/年、理工24000元/年、医学30000元/年;英文授课文科23000元/年、理工28000元/年、医学40000元/年。申请费800元(在线缴纳);医疗保险800-1500元/年(所有留学生必须在校购买);住宿9600-28000元/年;另体检约500元、居留许可400元/年、教材至少500元/年。本科学制四至六年(临床医学中文授课5年、英文授课MBBS6年,口腔医学、预防医学5年)。
cmtuqgwc300c04gyx4kwn1p0t	requirementsRu	非中国籍公民,符合教育部教外函〔2020〕12号文件要求(父母一方为中国公民或本人从中国大陆/港澳台移民取得外国国籍的,须入籍4年以上且近4年内在国外实际居住2年以上);身心健康;年龄原则上18至30岁(以2026年9月1日为准),未满18周岁须提交监护人保证书。语言要求:中文授课须新HSK4级180分(含)以上,母语为汉语或高中阶段使用汉语授课者经认定可免;英文授课须TOEFL 80+、TOEFL Essential 8+或IELTS 6.0+,母语为英语或上一学历英语授课者经认定可免。申请材料须含CSCA考试成绩;材料评审通过后须参加面试和笔试,CSCA成绩特别优秀者经评审可免面试。另须个人经济能力证明(5000美元或以上)、6个月内体检报告。汉语言专业插班:HSK4级180分以上且学习汉语言一年以上成绩优秀者可申请插入二年级,HSK5级180分以上者可申请插入三年级。学费:中文授课文科20000元/年、理工24000元/年、医学30000元/年;英文授课文科23000元/年、理工28000元/年、医学40000元/年。申请费800元(在线缴纳);医疗保险800-1500元/年(所有留学生必须在校购买);住宿9600-28000元/年;另体检约500元、居留许可400元/年、教材至少500元/年。本科学制四至六年(临床医学中文授课5年、英文授课MBBS6年,口腔医学、预防医学5年)。
cmtuqgwc700c14gyxv724qd9m	requirementsRu	非中国籍公民,符合教育部教外函〔2020〕12号文件要求(父母一方为中国公民或本人从中国大陆/港澳台移民取得外国国籍的,须入籍4年以上且近4年内在国外实际居住2年以上);身心健康;年龄原则上18至30岁(以2026年9月1日为准),未满18周岁须提交监护人保证书。语言要求:中文授课须新HSK4级180分(含)以上,母语为汉语或高中阶段使用汉语授课者经认定可免;英文授课须TOEFL 80+、TOEFL Essential 8+或IELTS 6.0+,母语为英语或上一学历英语授课者经认定可免。申请材料须含CSCA考试成绩;材料评审通过后须参加面试和笔试,CSCA成绩特别优秀者经评审可免面试。另须个人经济能力证明(5000美元或以上)、6个月内体检报告。汉语言专业插班:HSK4级180分以上且学习汉语言一年以上成绩优秀者可申请插入二年级,HSK5级180分以上者可申请插入三年级。学费:中文授课文科20000元/年、理工24000元/年、医学30000元/年;英文授课文科23000元/年、理工28000元/年、医学40000元/年。申请费800元(在线缴纳);医疗保险800-1500元/年(所有留学生必须在校购买);住宿9600-28000元/年;另体检约500元、居留许可400元/年、教材至少500元/年。本科学制四至六年(临床医学中文授课5年、英文授课MBBS6年,口腔医学、预防医学5年)。
cmtuqgwcb00c24gyxbvu86btl	requirementsRu	非中国籍公民,符合教育部教外函〔2020〕12号文件要求(父母一方为中国公民或本人从中国大陆/港澳台移民取得外国国籍的,须入籍4年以上且近4年内在国外实际居住2年以上);身心健康;年龄原则上18至30岁(以2026年9月1日为准),未满18周岁须提交监护人保证书。语言要求:中文授课须新HSK4级180分(含)以上,母语为汉语或高中阶段使用汉语授课者经认定可免;英文授课须TOEFL 80+、TOEFL Essential 8+或IELTS 6.0+,母语为英语或上一学历英语授课者经认定可免。申请材料须含CSCA考试成绩;材料评审通过后须参加面试和笔试,CSCA成绩特别优秀者经评审可免面试。另须个人经济能力证明(5000美元或以上)、6个月内体检报告。汉语言专业插班:HSK4级180分以上且学习汉语言一年以上成绩优秀者可申请插入二年级,HSK5级180分以上者可申请插入三年级。学费:中文授课文科20000元/年、理工24000元/年、医学30000元/年;英文授课文科23000元/年、理工28000元/年、医学40000元/年。申请费800元(在线缴纳);医疗保险800-1500元/年(所有留学生必须在校购买);住宿9600-28000元/年;另体检约500元、居留许可400元/年、教材至少500元/年。本科学制四至六年(临床医学中文授课5年、英文授课MBBS6年,口腔医学、预防医学5年)。
cmtuqgwcf00c34gyxyo0ogajj	requirementsRu	非中国籍公民,符合教育部教外函〔2020〕12号文件要求(父母一方为中国公民或本人从中国大陆/港澳台移民取得外国国籍的,须入籍4年以上且近4年内在国外实际居住2年以上);身心健康;年龄原则上18至30岁(以2026年9月1日为准),未满18周岁须提交监护人保证书。语言要求:中文授课须新HSK4级180分(含)以上,母语为汉语或高中阶段使用汉语授课者经认定可免;英文授课须TOEFL 80+、TOEFL Essential 8+或IELTS 6.0+,母语为英语或上一学历英语授课者经认定可免。申请材料须含CSCA考试成绩;材料评审通过后须参加面试和笔试,CSCA成绩特别优秀者经评审可免面试。另须个人经济能力证明(5000美元或以上)、6个月内体检报告。汉语言专业插班:HSK4级180分以上且学习汉语言一年以上成绩优秀者可申请插入二年级,HSK5级180分以上者可申请插入三年级。学费:中文授课文科20000元/年、理工24000元/年、医学30000元/年;英文授课文科23000元/年、理工28000元/年、医学40000元/年。申请费800元(在线缴纳);医疗保险800-1500元/年(所有留学生必须在校购买);住宿9600-28000元/年;另体检约500元、居留许可400元/年、教材至少500元/年。本科学制四至六年(临床医学中文授课5年、英文授课MBBS6年,口腔医学、预防医学5年)。
cmtuqgwcj00c44gyxqbrou29s	requirementsRu	非中国籍公民,符合教育部教外函〔2020〕12号文件要求(父母一方为中国公民或本人从中国大陆/港澳台移民取得外国国籍的,须入籍4年以上且近4年内在国外实际居住2年以上);身心健康;年龄原则上18至30岁(以2026年9月1日为准),未满18周岁须提交监护人保证书。语言要求:中文授课须新HSK4级180分(含)以上,母语为汉语或高中阶段使用汉语授课者经认定可免;英文授课须TOEFL 80+、TOEFL Essential 8+或IELTS 6.0+,母语为英语或上一学历英语授课者经认定可免。申请材料须含CSCA考试成绩;材料评审通过后须参加面试和笔试,CSCA成绩特别优秀者经评审可免面试。另须个人经济能力证明(5000美元或以上)、6个月内体检报告。汉语言专业插班:HSK4级180分以上且学习汉语言一年以上成绩优秀者可申请插入二年级,HSK5级180分以上者可申请插入三年级。学费:中文授课文科20000元/年、理工24000元/年、医学30000元/年;英文授课文科23000元/年、理工28000元/年、医学40000元/年。申请费800元(在线缴纳);医疗保险800-1500元/年(所有留学生必须在校购买);住宿9600-28000元/年;另体检约500元、居留许可400元/年、教材至少500元/年。本科学制四至六年(临床医学中文授课5年、英文授课MBBS6年,口腔医学、预防医学5年)。
cmtuqgwcn00c54gyx3ogy4ur4	requirementsRu	非中国籍公民,符合教育部教外函〔2020〕12号文件要求(父母一方为中国公民或本人从中国大陆/港澳台移民取得外国国籍的,须入籍4年以上且近4年内在国外实际居住2年以上);身心健康;年龄原则上18至30岁(以2026年9月1日为准),未满18周岁须提交监护人保证书。语言要求:中文授课须新HSK4级180分(含)以上,母语为汉语或高中阶段使用汉语授课者经认定可免;英文授课须TOEFL 80+、TOEFL Essential 8+或IELTS 6.0+,母语为英语或上一学历英语授课者经认定可免。申请材料须含CSCA考试成绩;材料评审通过后须参加面试和笔试,CSCA成绩特别优秀者经评审可免面试。另须个人经济能力证明(5000美元或以上)、6个月内体检报告。汉语言专业插班:HSK4级180分以上且学习汉语言一年以上成绩优秀者可申请插入二年级,HSK5级180分以上者可申请插入三年级。学费:中文授课文科20000元/年、理工24000元/年、医学30000元/年;英文授课文科23000元/年、理工28000元/年、医学40000元/年。申请费800元(在线缴纳);医疗保险800-1500元/年(所有留学生必须在校购买);住宿9600-28000元/年;另体检约500元、居留许可400元/年、教材至少500元/年。本科学制四至六年(临床医学中文授课5年、英文授课MBBS6年,口腔医学、预防医学5年)。
cmtuqgwcq00c64gyxrpe2adb8	requirementsRu	非中国籍公民,符合教育部教外函〔2020〕12号文件要求(父母一方为中国公民或本人从中国大陆/港澳台移民取得外国国籍的,须入籍4年以上且近4年内在国外实际居住2年以上);身心健康;年龄原则上18至30岁(以2026年9月1日为准),未满18周岁须提交监护人保证书。语言要求:中文授课须新HSK4级180分(含)以上,母语为汉语或高中阶段使用汉语授课者经认定可免;英文授课须TOEFL 80+、TOEFL Essential 8+或IELTS 6.0+,母语为英语或上一学历英语授课者经认定可免。申请材料须含CSCA考试成绩;材料评审通过后须参加面试和笔试,CSCA成绩特别优秀者经评审可免面试。另须个人经济能力证明(5000美元或以上)、6个月内体检报告。汉语言专业插班:HSK4级180分以上且学习汉语言一年以上成绩优秀者可申请插入二年级,HSK5级180分以上者可申请插入三年级。学费:中文授课文科20000元/年、理工24000元/年、医学30000元/年;英文授课文科23000元/年、理工28000元/年、医学40000元/年。申请费800元(在线缴纳);医疗保险800-1500元/年(所有留学生必须在校购买);住宿9600-28000元/年;另体检约500元、居留许可400元/年、教材至少500元/年。本科学制四至六年(临床医学中文授课5年、英文授课MBBS6年,口腔医学、预防医学5年)。
cmtuqgwcu00c74gyxai6w5usp	requirementsRu	非中国籍公民,符合教育部教外函〔2020〕12号文件要求(父母一方为中国公民或本人从中国大陆/港澳台移民取得外国国籍的,须入籍4年以上且近4年内在国外实际居住2年以上);身心健康;年龄原则上18至30岁(以2026年9月1日为准),未满18周岁须提交监护人保证书。语言要求:中文授课须新HSK4级180分(含)以上,母语为汉语或高中阶段使用汉语授课者经认定可免;英文授课须TOEFL 80+、TOEFL Essential 8+或IELTS 6.0+,母语为英语或上一学历英语授课者经认定可免。申请材料须含CSCA考试成绩;材料评审通过后须参加面试和笔试,CSCA成绩特别优秀者经评审可免面试。另须个人经济能力证明(5000美元或以上)、6个月内体检报告。汉语言专业插班:HSK4级180分以上且学习汉语言一年以上成绩优秀者可申请插入二年级,HSK5级180分以上者可申请插入三年级。学费:中文授课文科20000元/年、理工24000元/年、医学30000元/年;英文授课文科23000元/年、理工28000元/年、医学40000元/年。申请费800元(在线缴纳);医疗保险800-1500元/年(所有留学生必须在校购买);住宿9600-28000元/年;另体检约500元、居留许可400元/年、教材至少500元/年。本科学制四至六年(临床医学中文授课5年、英文授课MBBS6年,口腔医学、预防医学5年)。
cmtuqgwcx00c84gyx5xzs8xpn	requirementsRu	非中国籍公民,符合教育部教外函〔2020〕12号文件要求(父母一方为中国公民或本人从中国大陆/港澳台移民取得外国国籍的,须入籍4年以上且近4年内在国外实际居住2年以上);身心健康;年龄原则上18至30岁(以2026年9月1日为准),未满18周岁须提交监护人保证书。语言要求:中文授课须新HSK4级180分(含)以上,母语为汉语或高中阶段使用汉语授课者经认定可免;英文授课须TOEFL 80+、TOEFL Essential 8+或IELTS 6.0+,母语为英语或上一学历英语授课者经认定可免。申请材料须含CSCA考试成绩;材料评审通过后须参加面试和笔试,CSCA成绩特别优秀者经评审可免面试。另须个人经济能力证明(5000美元或以上)、6个月内体检报告。汉语言专业插班:HSK4级180分以上且学习汉语言一年以上成绩优秀者可申请插入二年级,HSK5级180分以上者可申请插入三年级。学费:中文授课文科20000元/年、理工24000元/年、医学30000元/年;英文授课文科23000元/年、理工28000元/年、医学40000元/年。申请费800元(在线缴纳);医疗保险800-1500元/年(所有留学生必须在校购买);住宿9600-28000元/年;另体检约500元、居留许可400元/年、教材至少500元/年。本科学制四至六年(临床医学中文授课5年、英文授课MBBS6年,口腔医学、预防医学5年)。
cmtuqgwd100c94gyxtds5i6in	requirementsRu	非中国籍公民,符合教育部教外函〔2020〕12号文件要求(父母一方为中国公民或本人从中国大陆/港澳台移民取得外国国籍的,须入籍4年以上且近4年内在国外实际居住2年以上);身心健康;年龄原则上18至30岁(以2026年9月1日为准),未满18周岁须提交监护人保证书。语言要求:中文授课须新HSK4级180分(含)以上,母语为汉语或高中阶段使用汉语授课者经认定可免;英文授课须TOEFL 80+、TOEFL Essential 8+或IELTS 6.0+,母语为英语或上一学历英语授课者经认定可免。申请材料须含CSCA考试成绩;材料评审通过后须参加面试和笔试,CSCA成绩特别优秀者经评审可免面试。另须个人经济能力证明(5000美元或以上)、6个月内体检报告。汉语言专业插班:HSK4级180分以上且学习汉语言一年以上成绩优秀者可申请插入二年级,HSK5级180分以上者可申请插入三年级。学费:中文授课文科20000元/年、理工24000元/年、医学30000元/年;英文授课文科23000元/年、理工28000元/年、医学40000元/年。申请费800元(在线缴纳);医疗保险800-1500元/年(所有留学生必须在校购买);住宿9600-28000元/年;另体检约500元、居留许可400元/年、教材至少500元/年。本科学制四至六年(临床医学中文授课5年、英文授课MBBS6年,口腔医学、预防医学5年)。
cmtuqgwd400ca4gyxp056y4tv	requirementsRu	非中国籍公民,符合教育部教外函〔2020〕12号文件要求(父母一方为中国公民或本人从中国大陆/港澳台移民取得外国国籍的,须入籍4年以上且近4年内在国外实际居住2年以上);身心健康;年龄原则上18至30岁(以2026年9月1日为准),未满18周岁须提交监护人保证书。语言要求:中文授课须新HSK4级180分(含)以上,母语为汉语或高中阶段使用汉语授课者经认定可免;英文授课须TOEFL 80+、TOEFL Essential 8+或IELTS 6.0+,母语为英语或上一学历英语授课者经认定可免。申请材料须含CSCA考试成绩;材料评审通过后须参加面试和笔试,CSCA成绩特别优秀者经评审可免面试。另须个人经济能力证明(5000美元或以上)、6个月内体检报告。汉语言专业插班:HSK4级180分以上且学习汉语言一年以上成绩优秀者可申请插入二年级,HSK5级180分以上者可申请插入三年级。学费:中文授课文科20000元/年、理工24000元/年、医学30000元/年;英文授课文科23000元/年、理工28000元/年、医学40000元/年。申请费800元(在线缴纳);医疗保险800-1500元/年(所有留学生必须在校购买);住宿9600-28000元/年;另体检约500元、居留许可400元/年、教材至少500元/年。本科学制四至六年(临床医学中文授课5年、英文授课MBBS6年,口腔医学、预防医学5年)。
cmtuqgwd800cb4gyx0b6eata6	requirementsRu	非中国籍公民,符合教育部教外函〔2020〕12号文件要求(父母一方为中国公民或本人从中国大陆/港澳台移民取得外国国籍的,须入籍4年以上且近4年内在国外实际居住2年以上);身心健康;年龄原则上18至30岁(以2026年9月1日为准),未满18周岁须提交监护人保证书。语言要求:中文授课须新HSK4级180分(含)以上,母语为汉语或高中阶段使用汉语授课者经认定可免;英文授课须TOEFL 80+、TOEFL Essential 8+或IELTS 6.0+,母语为英语或上一学历英语授课者经认定可免。申请材料须含CSCA考试成绩;材料评审通过后须参加面试和笔试,CSCA成绩特别优秀者经评审可免面试。另须个人经济能力证明(5000美元或以上)、6个月内体检报告。汉语言专业插班:HSK4级180分以上且学习汉语言一年以上成绩优秀者可申请插入二年级,HSK5级180分以上者可申请插入三年级。学费:中文授课文科20000元/年、理工24000元/年、医学30000元/年;英文授课文科23000元/年、理工28000元/年、医学40000元/年。申请费800元(在线缴纳);医疗保险800-1500元/年(所有留学生必须在校购买);住宿9600-28000元/年;另体检约500元、居留许可400元/年、教材至少500元/年。本科学制四至六年(临床医学中文授课5年、英文授课MBBS6年,口腔医学、预防医学5年)。
cmtuqgwdc00cc4gyxnyt2h40n	requirementsRu	非中国籍公民,符合教育部教外函〔2020〕12号文件要求(父母一方为中国公民或本人从中国大陆/港澳台移民取得外国国籍的,须入籍4年以上且近4年内在国外实际居住2年以上);身心健康;年龄原则上18至30岁(以2026年9月1日为准),未满18周岁须提交监护人保证书。语言要求:中文授课须新HSK4级180分(含)以上,母语为汉语或高中阶段使用汉语授课者经认定可免;英文授课须TOEFL 80+、TOEFL Essential 8+或IELTS 6.0+,母语为英语或上一学历英语授课者经认定可免。申请材料须含CSCA考试成绩;材料评审通过后须参加面试和笔试,CSCA成绩特别优秀者经评审可免面试。另须个人经济能力证明(5000美元或以上)、6个月内体检报告。汉语言专业插班:HSK4级180分以上且学习汉语言一年以上成绩优秀者可申请插入二年级,HSK5级180分以上者可申请插入三年级。学费:中文授课文科20000元/年、理工24000元/年、医学30000元/年;英文授课文科23000元/年、理工28000元/年、医学40000元/年。申请费800元(在线缴纳);医疗保险800-1500元/年(所有留学生必须在校购买);住宿9600-28000元/年;另体检约500元、居留许可400元/年、教材至少500元/年。本科学制四至六年(临床医学中文授课5年、英文授课MBBS6年,口腔医学、预防医学5年)。
cmtuqgwdg00cd4gyxb9o647zm	requirementsRu	非中国籍公民,符合教育部教外函〔2020〕12号文件要求(父母一方为中国公民或本人从中国大陆/港澳台移民取得外国国籍的,须入籍4年以上且近4年内在国外实际居住2年以上);身心健康;年龄原则上18至30岁(以2026年9月1日为准),未满18周岁须提交监护人保证书。语言要求:中文授课须新HSK4级180分(含)以上,母语为汉语或高中阶段使用汉语授课者经认定可免;英文授课须TOEFL 80+、TOEFL Essential 8+或IELTS 6.0+,母语为英语或上一学历英语授课者经认定可免。申请材料须含CSCA考试成绩;材料评审通过后须参加面试和笔试,CSCA成绩特别优秀者经评审可免面试。另须个人经济能力证明(5000美元或以上)、6个月内体检报告。汉语言专业插班:HSK4级180分以上且学习汉语言一年以上成绩优秀者可申请插入二年级,HSK5级180分以上者可申请插入三年级。学费:中文授课文科20000元/年、理工24000元/年、医学30000元/年;英文授课文科23000元/年、理工28000元/年、医学40000元/年。申请费800元(在线缴纳);医疗保险800-1500元/年(所有留学生必须在校购买);住宿9600-28000元/年;另体检约500元、居留许可400元/年、教材至少500元/年。本科学制四至六年(临床医学中文授课5年、英文授课MBBS6年,口腔医学、预防医学5年)。
cmtuqgwdj00ce4gyxywo4rxz4	requirementsRu	非中国籍公民,符合教育部教外函〔2020〕12号文件要求(父母一方为中国公民或本人从中国大陆/港澳台移民取得外国国籍的,须入籍4年以上且近4年内在国外实际居住2年以上);身心健康;年龄原则上18至30岁(以2026年9月1日为准),未满18周岁须提交监护人保证书。语言要求:中文授课须新HSK4级180分(含)以上,母语为汉语或高中阶段使用汉语授课者经认定可免;英文授课须TOEFL 80+、TOEFL Essential 8+或IELTS 6.0+,母语为英语或上一学历英语授课者经认定可免。申请材料须含CSCA考试成绩;材料评审通过后须参加面试和笔试,CSCA成绩特别优秀者经评审可免面试。另须个人经济能力证明(5000美元或以上)、6个月内体检报告。汉语言专业插班:HSK4级180分以上且学习汉语言一年以上成绩优秀者可申请插入二年级,HSK5级180分以上者可申请插入三年级。学费:中文授课文科20000元/年、理工24000元/年、医学30000元/年;英文授课文科23000元/年、理工28000元/年、医学40000元/年。申请费800元(在线缴纳);医疗保险800-1500元/年(所有留学生必须在校购买);住宿9600-28000元/年;另体检约500元、居留许可400元/年、教材至少500元/年。本科学制四至六年(临床医学中文授课5年、英文授课MBBS6年,口腔医学、预防医学5年)。
cmtuqgwdn00cf4gyxoakr96ps	requirementsRu	非中国籍公民,符合教育部教外函〔2020〕12号文件要求(父母一方为中国公民或本人从中国大陆/港澳台移民取得外国国籍的,须入籍4年以上且近4年内在国外实际居住2年以上);身心健康;年龄原则上18至30岁(以2026年9月1日为准),未满18周岁须提交监护人保证书。语言要求:中文授课须新HSK4级180分(含)以上,母语为汉语或高中阶段使用汉语授课者经认定可免;英文授课须TOEFL 80+、TOEFL Essential 8+或IELTS 6.0+,母语为英语或上一学历英语授课者经认定可免。申请材料须含CSCA考试成绩;材料评审通过后须参加面试和笔试,CSCA成绩特别优秀者经评审可免面试。另须个人经济能力证明(5000美元或以上)、6个月内体检报告。汉语言专业插班:HSK4级180分以上且学习汉语言一年以上成绩优秀者可申请插入二年级,HSK5级180分以上者可申请插入三年级。学费:中文授课文科20000元/年、理工24000元/年、医学30000元/年;英文授课文科23000元/年、理工28000元/年、医学40000元/年。申请费800元(在线缴纳);医疗保险800-1500元/年(所有留学生必须在校购买);住宿9600-28000元/年;另体检约500元、居留许可400元/年、教材至少500元/年。本科学制四至六年(临床医学中文授课5年、英文授课MBBS6年,口腔医学、预防医学5年)。
cmtuqgwdq00cg4gyxiwtpv6at	requirementsRu	非中国籍公民,符合教育部教外函〔2020〕12号文件要求(父母一方为中国公民或本人从中国大陆/港澳台移民取得外国国籍的,须入籍4年以上且近4年内在国外实际居住2年以上);身心健康;年龄原则上18至30岁(以2026年9月1日为准),未满18周岁须提交监护人保证书。语言要求:中文授课须新HSK4级180分(含)以上,母语为汉语或高中阶段使用汉语授课者经认定可免;英文授课须TOEFL 80+、TOEFL Essential 8+或IELTS 6.0+,母语为英语或上一学历英语授课者经认定可免。申请材料须含CSCA考试成绩;材料评审通过后须参加面试和笔试,CSCA成绩特别优秀者经评审可免面试。另须个人经济能力证明(5000美元或以上)、6个月内体检报告。汉语言专业插班:HSK4级180分以上且学习汉语言一年以上成绩优秀者可申请插入二年级,HSK5级180分以上者可申请插入三年级。学费:中文授课文科20000元/年、理工24000元/年、医学30000元/年;英文授课文科23000元/年、理工28000元/年、医学40000元/年。申请费800元(在线缴纳);医疗保险800-1500元/年(所有留学生必须在校购买);住宿9600-28000元/年;另体检约500元、居留许可400元/年、教材至少500元/年。本科学制四至六年(临床医学中文授课5年、英文授课MBBS6年,口腔医学、预防医学5年)。
cmtuqgwdu00ch4gyxu1wot5zk	requirementsRu	非中国籍公民,符合教育部教外函〔2020〕12号文件要求(父母一方为中国公民或本人从中国大陆/港澳台移民取得外国国籍的,须入籍4年以上且近4年内在国外实际居住2年以上);身心健康;年龄原则上18至30岁(以2026年9月1日为准),未满18周岁须提交监护人保证书。语言要求:中文授课须新HSK4级180分(含)以上,母语为汉语或高中阶段使用汉语授课者经认定可免;英文授课须TOEFL 80+、TOEFL Essential 8+或IELTS 6.0+,母语为英语或上一学历英语授课者经认定可免。申请材料须含CSCA考试成绩;材料评审通过后须参加面试和笔试,CSCA成绩特别优秀者经评审可免面试。另须个人经济能力证明(5000美元或以上)、6个月内体检报告。汉语言专业插班:HSK4级180分以上且学习汉语言一年以上成绩优秀者可申请插入二年级,HSK5级180分以上者可申请插入三年级。学费:中文授课文科20000元/年、理工24000元/年、医学30000元/年;英文授课文科23000元/年、理工28000元/年、医学40000元/年。申请费800元(在线缴纳);医疗保险800-1500元/年(所有留学生必须在校购买);住宿9600-28000元/年;另体检约500元、居留许可400元/年、教材至少500元/年。本科学制四至六年(临床医学中文授课5年、英文授课MBBS6年,口腔医学、预防医学5年)。
cmtuqgwdz00ci4gyxict74m0y	requirementsRu	非中国籍公民,符合教育部教外函〔2020〕12号文件要求(父母一方为中国公民或本人从中国大陆/港澳台移民取得外国国籍的,须入籍4年以上且近4年内在国外实际居住2年以上);身心健康;年龄原则上18至30岁(以2026年9月1日为准),未满18周岁须提交监护人保证书。语言要求:中文授课须新HSK4级180分(含)以上,母语为汉语或高中阶段使用汉语授课者经认定可免;英文授课须TOEFL 80+、TOEFL Essential 8+或IELTS 6.0+,母语为英语或上一学历英语授课者经认定可免。申请材料须含CSCA考试成绩;材料评审通过后须参加面试和笔试,CSCA成绩特别优秀者经评审可免面试。另须个人经济能力证明(5000美元或以上)、6个月内体检报告。汉语言专业插班:HSK4级180分以上且学习汉语言一年以上成绩优秀者可申请插入二年级,HSK5级180分以上者可申请插入三年级。学费:中文授课文科20000元/年、理工24000元/年、医学30000元/年;英文授课文科23000元/年、理工28000元/年、医学40000元/年。申请费800元(在线缴纳);医疗保险800-1500元/年(所有留学生必须在校购买);住宿9600-28000元/年;另体检约500元、居留许可400元/年、教材至少500元/年。本科学制四至六年(临床医学中文授课5年、英文授课MBBS6年,口腔医学、预防医学5年)。
cmtuqgwe300cj4gyxkq5d6fhz	requirementsRu	非中国籍公民,符合教育部教外函〔2020〕12号文件要求(父母一方为中国公民或本人从中国大陆/港澳台移民取得外国国籍的,须入籍4年以上且近4年内在国外实际居住2年以上);身心健康;年龄原则上18至30岁(以2026年9月1日为准),未满18周岁须提交监护人保证书。语言要求:中文授课须新HSK4级180分(含)以上,母语为汉语或高中阶段使用汉语授课者经认定可免;英文授课须TOEFL 80+、TOEFL Essential 8+或IELTS 6.0+,母语为英语或上一学历英语授课者经认定可免。申请材料须含CSCA考试成绩;材料评审通过后须参加面试和笔试,CSCA成绩特别优秀者经评审可免面试。另须个人经济能力证明(5000美元或以上)、6个月内体检报告。汉语言专业插班:HSK4级180分以上且学习汉语言一年以上成绩优秀者可申请插入二年级,HSK5级180分以上者可申请插入三年级。学费:中文授课文科20000元/年、理工24000元/年、医学30000元/年;英文授课文科23000元/年、理工28000元/年、医学40000元/年。申请费800元(在线缴纳);医疗保险800-1500元/年(所有留学生必须在校购买);住宿9600-28000元/年;另体检约500元、居留许可400元/年、教材至少500元/年。本科学制四至六年(临床医学中文授课5年、英文授课MBBS6年,口腔医学、预防医学5年)。
cmtuqgwe700ck4gyxjnkm232v	requirementsRu	非中国籍公民,符合教育部教外函〔2020〕12号文件要求(父母一方为中国公民或本人从中国大陆/港澳台移民取得外国国籍的,须入籍4年以上且近4年内在国外实际居住2年以上);身心健康;年龄原则上18至30岁(以2026年9月1日为准),未满18周岁须提交监护人保证书。语言要求:中文授课须新HSK4级180分(含)以上,母语为汉语或高中阶段使用汉语授课者经认定可免;英文授课须TOEFL 80+、TOEFL Essential 8+或IELTS 6.0+,母语为英语或上一学历英语授课者经认定可免。申请材料须含CSCA考试成绩;材料评审通过后须参加面试和笔试,CSCA成绩特别优秀者经评审可免面试。另须个人经济能力证明(5000美元或以上)、6个月内体检报告。汉语言专业插班:HSK4级180分以上且学习汉语言一年以上成绩优秀者可申请插入二年级,HSK5级180分以上者可申请插入三年级。学费:中文授课文科20000元/年、理工24000元/年、医学30000元/年;英文授课文科23000元/年、理工28000元/年、医学40000元/年。申请费800元(在线缴纳);医疗保险800-1500元/年(所有留学生必须在校购买);住宿9600-28000元/年;另体检约500元、居留许可400元/年、教材至少500元/年。本科学制四至六年(临床医学中文授课5年、英文授课MBBS6年,口腔医学、预防医学5年)。
cmtuqgweb00cl4gyxzrdy49s1	requirementsRu	非中国籍公民,符合教育部教外函〔2020〕12号文件要求(父母一方为中国公民或本人从中国大陆/港澳台移民取得外国国籍的,须入籍4年以上且近4年内在国外实际居住2年以上);身心健康;年龄原则上18至30岁(以2026年9月1日为准),未满18周岁须提交监护人保证书。语言要求:中文授课须新HSK4级180分(含)以上,母语为汉语或高中阶段使用汉语授课者经认定可免;英文授课须TOEFL 80+、TOEFL Essential 8+或IELTS 6.0+,母语为英语或上一学历英语授课者经认定可免。申请材料须含CSCA考试成绩;材料评审通过后须参加面试和笔试,CSCA成绩特别优秀者经评审可免面试。另须个人经济能力证明(5000美元或以上)、6个月内体检报告。汉语言专业插班:HSK4级180分以上且学习汉语言一年以上成绩优秀者可申请插入二年级,HSK5级180分以上者可申请插入三年级。学费:中文授课文科20000元/年、理工24000元/年、医学30000元/年;英文授课文科23000元/年、理工28000元/年、医学40000元/年。申请费800元(在线缴纳);医疗保险800-1500元/年(所有留学生必须在校购买);住宿9600-28000元/年;另体检约500元、居留许可400元/年、教材至少500元/年。本科学制四至六年(临床医学中文授课5年、英文授课MBBS6年,口腔医学、预防医学5年)。
cmtuqgwef00cm4gyxul3ksl8j	requirementsRu	非中国籍公民,符合教育部教外函〔2020〕12号文件要求(父母一方为中国公民或本人从中国大陆/港澳台移民取得外国国籍的,须入籍4年以上且近4年内在国外实际居住2年以上);身心健康;年龄原则上18至30岁(以2026年9月1日为准),未满18周岁须提交监护人保证书。语言要求:中文授课须新HSK4级180分(含)以上,母语为汉语或高中阶段使用汉语授课者经认定可免;英文授课须TOEFL 80+、TOEFL Essential 8+或IELTS 6.0+,母语为英语或上一学历英语授课者经认定可免。申请材料须含CSCA考试成绩;材料评审通过后须参加面试和笔试,CSCA成绩特别优秀者经评审可免面试。另须个人经济能力证明(5000美元或以上)、6个月内体检报告。汉语言专业插班:HSK4级180分以上且学习汉语言一年以上成绩优秀者可申请插入二年级,HSK5级180分以上者可申请插入三年级。学费:中文授课文科20000元/年、理工24000元/年、医学30000元/年;英文授课文科23000元/年、理工28000元/年、医学40000元/年。申请费800元(在线缴纳);医疗保险800-1500元/年(所有留学生必须在校购买);住宿9600-28000元/年;另体检约500元、居留许可400元/年、教材至少500元/年。本科学制四至六年(临床医学中文授课5年、英文授课MBBS6年,口腔医学、预防医学5年)。
cmtuqgwei00cn4gyx64t0neol	requirementsRu	非中国籍公民,符合教育部教外函〔2020〕12号文件要求(父母一方为中国公民或本人从中国大陆/港澳台移民取得外国国籍的,须入籍4年以上且近4年内在国外实际居住2年以上);身心健康;年龄原则上18至30岁(以2026年9月1日为准),未满18周岁须提交监护人保证书。语言要求:中文授课须新HSK4级180分(含)以上,母语为汉语或高中阶段使用汉语授课者经认定可免;英文授课须TOEFL 80+、TOEFL Essential 8+或IELTS 6.0+,母语为英语或上一学历英语授课者经认定可免。申请材料须含CSCA考试成绩;材料评审通过后须参加面试和笔试,CSCA成绩特别优秀者经评审可免面试。另须个人经济能力证明(5000美元或以上)、6个月内体检报告。汉语言专业插班:HSK4级180分以上且学习汉语言一年以上成绩优秀者可申请插入二年级,HSK5级180分以上者可申请插入三年级。学费:中文授课文科20000元/年、理工24000元/年、医学30000元/年;英文授课文科23000元/年、理工28000元/年、医学40000元/年。申请费800元(在线缴纳);医疗保险800-1500元/年(所有留学生必须在校购买);住宿9600-28000元/年;另体检约500元、居留许可400元/年、教材至少500元/年。本科学制四至六年(临床医学中文授课5年、英文授课MBBS6年,口腔医学、预防医学5年)。
cmtuqgwem00co4gyxf2yvuzmb	requirementsRu	非中国籍公民,符合教育部教外函〔2020〕12号文件要求(父母一方为中国公民或本人从中国大陆/港澳台移民取得外国国籍的,须入籍4年以上且近4年内在国外实际居住2年以上);身心健康;年龄原则上18至30岁(以2026年9月1日为准),未满18周岁须提交监护人保证书。语言要求:中文授课须新HSK4级180分(含)以上,母语为汉语或高中阶段使用汉语授课者经认定可免;英文授课须TOEFL 80+、TOEFL Essential 8+或IELTS 6.0+,母语为英语或上一学历英语授课者经认定可免。申请材料须含CSCA考试成绩;材料评审通过后须参加面试和笔试,CSCA成绩特别优秀者经评审可免面试。另须个人经济能力证明(5000美元或以上)、6个月内体检报告。汉语言专业插班:HSK4级180分以上且学习汉语言一年以上成绩优秀者可申请插入二年级,HSK5级180分以上者可申请插入三年级。学费:中文授课文科20000元/年、理工24000元/年、医学30000元/年;英文授课文科23000元/年、理工28000元/年、医学40000元/年。申请费800元(在线缴纳);医疗保险800-1500元/年(所有留学生必须在校购买);住宿9600-28000元/年;另体检约500元、居留许可400元/年、教材至少500元/年。本科学制四至六年(临床医学中文授课5年、英文授课MBBS6年,口腔医学、预防医学5年)。
cmtuqgwep00cp4gyxf14564lz	requirementsRu	非中国籍公民,符合教育部教外函〔2020〕12号文件要求(父母一方为中国公民或本人从中国大陆/港澳台移民取得外国国籍的,须入籍4年以上且近4年内在国外实际居住2年以上);身心健康;年龄原则上18至30岁(以2026年9月1日为准),未满18周岁须提交监护人保证书。语言要求:中文授课须新HSK4级180分(含)以上,母语为汉语或高中阶段使用汉语授课者经认定可免;英文授课须TOEFL 80+、TOEFL Essential 8+或IELTS 6.0+,母语为英语或上一学历英语授课者经认定可免。申请材料须含CSCA考试成绩;材料评审通过后须参加面试和笔试,CSCA成绩特别优秀者经评审可免面试。另须个人经济能力证明(5000美元或以上)、6个月内体检报告。汉语言专业插班:HSK4级180分以上且学习汉语言一年以上成绩优秀者可申请插入二年级,HSK5级180分以上者可申请插入三年级。学费:中文授课文科20000元/年、理工24000元/年、医学30000元/年;英文授课文科23000元/年、理工28000元/年、医学40000元/年。申请费800元(在线缴纳);医疗保险800-1500元/年(所有留学生必须在校购买);住宿9600-28000元/年;另体检约500元、居留许可400元/年、教材至少500元/年。本科学制四至六年(临床医学中文授课5年、英文授课MBBS6年,口腔医学、预防医学5年)。
cmtuqgwet00cq4gyxa7dswvnv	requirementsRu	非中国籍公民,符合教育部教外函〔2020〕12号文件要求(父母一方为中国公民或本人从中国大陆/港澳台移民取得外国国籍的,须入籍4年以上且近4年内在国外实际居住2年以上);身心健康;年龄原则上18至30岁(以2026年9月1日为准),未满18周岁须提交监护人保证书。语言要求:中文授课须新HSK4级180分(含)以上,母语为汉语或高中阶段使用汉语授课者经认定可免;英文授课须TOEFL 80+、TOEFL Essential 8+或IELTS 6.0+,母语为英语或上一学历英语授课者经认定可免。申请材料须含CSCA考试成绩;材料评审通过后须参加面试和笔试,CSCA成绩特别优秀者经评审可免面试。另须个人经济能力证明(5000美元或以上)、6个月内体检报告。汉语言专业插班:HSK4级180分以上且学习汉语言一年以上成绩优秀者可申请插入二年级,HSK5级180分以上者可申请插入三年级。学费:中文授课文科20000元/年、理工24000元/年、医学30000元/年;英文授课文科23000元/年、理工28000元/年、医学40000元/年。申请费800元(在线缴纳);医疗保险800-1500元/年(所有留学生必须在校购买);住宿9600-28000元/年;另体检约500元、居留许可400元/年、教材至少500元/年。本科学制四至六年(临床医学中文授课5年、英文授课MBBS6年,口腔医学、预防医学5年)。
cmtuqgwex00cr4gyxgva9c8bf	requirementsRu	非中国籍公民,符合教育部教外函〔2020〕12号文件要求(父母一方为中国公民或本人从中国大陆/港澳台移民取得外国国籍的,须入籍4年以上且近4年内在国外实际居住2年以上);身心健康;年龄原则上18至30岁(以2026年9月1日为准),未满18周岁须提交监护人保证书。语言要求:中文授课须新HSK4级180分(含)以上,母语为汉语或高中阶段使用汉语授课者经认定可免;英文授课须TOEFL 80+、TOEFL Essential 8+或IELTS 6.0+,母语为英语或上一学历英语授课者经认定可免。申请材料须含CSCA考试成绩;材料评审通过后须参加面试和笔试,CSCA成绩特别优秀者经评审可免面试。另须个人经济能力证明(5000美元或以上)、6个月内体检报告。汉语言专业插班:HSK4级180分以上且学习汉语言一年以上成绩优秀者可申请插入二年级,HSK5级180分以上者可申请插入三年级。学费:中文授课文科20000元/年、理工24000元/年、医学30000元/年;英文授课文科23000元/年、理工28000元/年、医学40000元/年。申请费800元(在线缴纳);医疗保险800-1500元/年(所有留学生必须在校购买);住宿9600-28000元/年;另体检约500元、居留许可400元/年、教材至少500元/年。本科学制四至六年(临床医学中文授课5年、英文授课MBBS6年,口腔医学、预防医学5年)。
cmtuqgwf100cs4gyxekr0jaip	requirementsRu	非中国籍公民,符合教育部教外函〔2020〕12号文件要求(父母一方为中国公民或本人从中国大陆/港澳台移民取得外国国籍的,须入籍4年以上且近4年内在国外实际居住2年以上);身心健康;年龄原则上18至30岁(以2026年9月1日为准),未满18周岁须提交监护人保证书。语言要求:中文授课须新HSK4级180分(含)以上,母语为汉语或高中阶段使用汉语授课者经认定可免;英文授课须TOEFL 80+、TOEFL Essential 8+或IELTS 6.0+,母语为英语或上一学历英语授课者经认定可免。申请材料须含CSCA考试成绩;材料评审通过后须参加面试和笔试,CSCA成绩特别优秀者经评审可免面试。另须个人经济能力证明(5000美元或以上)、6个月内体检报告。汉语言专业插班:HSK4级180分以上且学习汉语言一年以上成绩优秀者可申请插入二年级,HSK5级180分以上者可申请插入三年级。学费:中文授课文科20000元/年、理工24000元/年、医学30000元/年;英文授课文科23000元/年、理工28000元/年、医学40000元/年。申请费800元(在线缴纳);医疗保险800-1500元/年(所有留学生必须在校购买);住宿9600-28000元/年;另体检约500元、居留许可400元/年、教材至少500元/年。本科学制四至六年(临床医学中文授课5年、英文授课MBBS6年,口腔医学、预防医学5年)。
cmtuqgwf500ct4gyxt2oqsc0t	requirementsRu	非中国籍公民,符合教育部教外函〔2020〕12号文件要求(父母一方为中国公民或本人从中国大陆/港澳台移民取得外国国籍的,须入籍4年以上且近4年内在国外实际居住2年以上);身心健康;年龄原则上18至30岁(以2026年9月1日为准),未满18周岁须提交监护人保证书。语言要求:中文授课须新HSK4级180分(含)以上,母语为汉语或高中阶段使用汉语授课者经认定可免;英文授课须TOEFL 80+、TOEFL Essential 8+或IELTS 6.0+,母语为英语或上一学历英语授课者经认定可免。申请材料须含CSCA考试成绩;材料评审通过后须参加面试和笔试,CSCA成绩特别优秀者经评审可免面试。另须个人经济能力证明(5000美元或以上)、6个月内体检报告。汉语言专业插班:HSK4级180分以上且学习汉语言一年以上成绩优秀者可申请插入二年级,HSK5级180分以上者可申请插入三年级。学费:中文授课文科20000元/年、理工24000元/年、医学30000元/年;英文授课文科23000元/年、理工28000元/年、医学40000元/年。申请费800元(在线缴纳);医疗保险800-1500元/年(所有留学生必须在校购买);住宿9600-28000元/年;另体检约500元、居留许可400元/年、教材至少500元/年。本科学制四至六年(临床医学中文授课5年、英文授课MBBS6年,口腔医学、预防医学5年)。
cmtuqgwf900cu4gyx4lyjcuba	requirementsRu	非中国籍公民,符合教育部教外函〔2020〕12号文件要求(父母一方为中国公民或本人从中国大陆/港澳台移民取得外国国籍的,须入籍4年以上且近4年内在国外实际居住2年以上);身心健康;年龄原则上18至30岁(以2026年9月1日为准),未满18周岁须提交监护人保证书。语言要求:中文授课须新HSK4级180分(含)以上,母语为汉语或高中阶段使用汉语授课者经认定可免;英文授课须TOEFL 80+、TOEFL Essential 8+或IELTS 6.0+,母语为英语或上一学历英语授课者经认定可免。申请材料须含CSCA考试成绩;材料评审通过后须参加面试和笔试,CSCA成绩特别优秀者经评审可免面试。另须个人经济能力证明(5000美元或以上)、6个月内体检报告。汉语言专业插班:HSK4级180分以上且学习汉语言一年以上成绩优秀者可申请插入二年级,HSK5级180分以上者可申请插入三年级。学费:中文授课文科20000元/年、理工24000元/年、医学30000元/年;英文授课文科23000元/年、理工28000元/年、医学40000元/年。申请费800元(在线缴纳);医疗保险800-1500元/年(所有留学生必须在校购买);住宿9600-28000元/年;另体检约500元、居留许可400元/年、教材至少500元/年。本科学制四至六年(临床医学中文授课5年、英文授课MBBS6年,口腔医学、预防医学5年)。
cmtuqgwfc00cv4gyxe8qiu6oh	requirementsRu	非中国籍公民,符合教育部教外函〔2020〕12号文件要求(父母一方为中国公民或本人从中国大陆/港澳台移民取得外国国籍的,须入籍4年以上且近4年内在国外实际居住2年以上);身心健康;年龄原则上18至30岁(以2026年9月1日为准),未满18周岁须提交监护人保证书。语言要求:中文授课须新HSK4级180分(含)以上,母语为汉语或高中阶段使用汉语授课者经认定可免;英文授课须TOEFL 80+、TOEFL Essential 8+或IELTS 6.0+,母语为英语或上一学历英语授课者经认定可免。申请材料须含CSCA考试成绩;材料评审通过后须参加面试和笔试,CSCA成绩特别优秀者经评审可免面试。另须个人经济能力证明(5000美元或以上)、6个月内体检报告。汉语言专业插班:HSK4级180分以上且学习汉语言一年以上成绩优秀者可申请插入二年级,HSK5级180分以上者可申请插入三年级。学费:中文授课文科20000元/年、理工24000元/年、医学30000元/年;英文授课文科23000元/年、理工28000元/年、医学40000元/年。申请费800元(在线缴纳);医疗保险800-1500元/年(所有留学生必须在校购买);住宿9600-28000元/年;另体检约500元、居留许可400元/年、教材至少500元/年。本科学制四至六年(临床医学中文授课5年、英文授课MBBS6年,口腔医学、预防医学5年)。
cmtuqgwfg00cw4gyxo3o08sne	requirementsRu	非中国籍公民,符合教育部教外函〔2020〕12号文件要求(父母一方为中国公民或本人从中国大陆/港澳台移民取得外国国籍的,须入籍4年以上且近4年内在国外实际居住2年以上);身心健康;年龄原则上18至30岁(以2026年9月1日为准),未满18周岁须提交监护人保证书。语言要求:中文授课须新HSK4级180分(含)以上,母语为汉语或高中阶段使用汉语授课者经认定可免;英文授课须TOEFL 80+、TOEFL Essential 8+或IELTS 6.0+,母语为英语或上一学历英语授课者经认定可免。申请材料须含CSCA考试成绩;材料评审通过后须参加面试和笔试,CSCA成绩特别优秀者经评审可免面试。另须个人经济能力证明(5000美元或以上)、6个月内体检报告。汉语言专业插班:HSK4级180分以上且学习汉语言一年以上成绩优秀者可申请插入二年级,HSK5级180分以上者可申请插入三年级。学费:中文授课文科20000元/年、理工24000元/年、医学30000元/年;英文授课文科23000元/年、理工28000元/年、医学40000元/年。申请费800元(在线缴纳);医疗保险800-1500元/年(所有留学生必须在校购买);住宿9600-28000元/年;另体检约500元、居留许可400元/年、教材至少500元/年。本科学制四至六年(临床医学中文授课5年、英文授课MBBS6年,口腔医学、预防医学5年)。
cmtuqgwfk00cx4gyxu5bmuv99	requirementsRu	非中国籍公民,符合教育部教外函〔2020〕12号文件要求(父母一方为中国公民或本人从中国大陆/港澳台移民取得外国国籍的,须入籍4年以上且近4年内在国外实际居住2年以上);身心健康;年龄原则上18至30岁(以2026年9月1日为准),未满18周岁须提交监护人保证书。语言要求:中文授课须新HSK4级180分(含)以上,母语为汉语或高中阶段使用汉语授课者经认定可免;英文授课须TOEFL 80+、TOEFL Essential 8+或IELTS 6.0+,母语为英语或上一学历英语授课者经认定可免。申请材料须含CSCA考试成绩;材料评审通过后须参加面试和笔试,CSCA成绩特别优秀者经评审可免面试。另须个人经济能力证明(5000美元或以上)、6个月内体检报告。汉语言专业插班:HSK4级180分以上且学习汉语言一年以上成绩优秀者可申请插入二年级,HSK5级180分以上者可申请插入三年级。学费:中文授课文科20000元/年、理工24000元/年、医学30000元/年;英文授课文科23000元/年、理工28000元/年、医学40000元/年。申请费800元(在线缴纳);医疗保险800-1500元/年(所有留学生必须在校购买);住宿9600-28000元/年;另体检约500元、居留许可400元/年、教材至少500元/年。本科学制四至六年(临床医学中文授课5年、英文授课MBBS6年,口腔医学、预防医学5年)。
cmtuqgwfn00cy4gyxsr2qvtvm	requirementsRu	非中国籍公民,符合教育部教外函〔2020〕12号文件要求(父母一方为中国公民或本人从中国大陆/港澳台移民取得外国国籍的,须入籍4年以上且近4年内在国外实际居住2年以上);身心健康;年龄原则上18至30岁(以2026年9月1日为准),未满18周岁须提交监护人保证书。语言要求:中文授课须新HSK4级180分(含)以上,母语为汉语或高中阶段使用汉语授课者经认定可免;英文授课须TOEFL 80+、TOEFL Essential 8+或IELTS 6.0+,母语为英语或上一学历英语授课者经认定可免。申请材料须含CSCA考试成绩;材料评审通过后须参加面试和笔试,CSCA成绩特别优秀者经评审可免面试。另须个人经济能力证明(5000美元或以上)、6个月内体检报告。汉语言专业插班:HSK4级180分以上且学习汉语言一年以上成绩优秀者可申请插入二年级,HSK5级180分以上者可申请插入三年级。学费:中文授课文科20000元/年、理工24000元/年、医学30000元/年;英文授课文科23000元/年、理工28000元/年、医学40000元/年。申请费800元(在线缴纳);医疗保险800-1500元/年(所有留学生必须在校购买);住宿9600-28000元/年;另体检约500元、居留许可400元/年、教材至少500元/年。本科学制四至六年(临床医学中文授课5年、英文授课MBBS6年,口腔医学、预防医学5年)。
cmtuqgwfr00cz4gyx1q4ozdd5	requirementsRu	非中国籍公民,符合教育部教外函〔2020〕12号文件要求(父母一方为中国公民或本人从中国大陆/港澳台移民取得外国国籍的,须入籍4年以上且近4年内在国外实际居住2年以上);身心健康;年龄原则上18至30岁(以2026年9月1日为准),未满18周岁须提交监护人保证书。语言要求:中文授课须新HSK4级180分(含)以上,母语为汉语或高中阶段使用汉语授课者经认定可免;英文授课须TOEFL 80+、TOEFL Essential 8+或IELTS 6.0+,母语为英语或上一学历英语授课者经认定可免。申请材料须含CSCA考试成绩;材料评审通过后须参加面试和笔试,CSCA成绩特别优秀者经评审可免面试。另须个人经济能力证明(5000美元或以上)、6个月内体检报告。汉语言专业插班:HSK4级180分以上且学习汉语言一年以上成绩优秀者可申请插入二年级,HSK5级180分以上者可申请插入三年级。学费:中文授课文科20000元/年、理工24000元/年、医学30000元/年;英文授课文科23000元/年、理工28000元/年、医学40000元/年。申请费800元(在线缴纳);医疗保险800-1500元/年(所有留学生必须在校购买);住宿9600-28000元/年;另体检约500元、居留许可400元/年、教材至少500元/年。本科学制四至六年(临床医学中文授课5年、英文授课MBBS6年,口腔医学、预防医学5年)。
cmtuqgwfv00d04gyx0pzn0f0x	requirementsRu	非中国籍公民,符合教育部教外函〔2020〕12号文件要求(父母一方为中国公民或本人从中国大陆/港澳台移民取得外国国籍的,须入籍4年以上且近4年内在国外实际居住2年以上);身心健康;年龄原则上18至30岁(以2026年9月1日为准),未满18周岁须提交监护人保证书。语言要求:中文授课须新HSK4级180分(含)以上,母语为汉语或高中阶段使用汉语授课者经认定可免;英文授课须TOEFL 80+、TOEFL Essential 8+或IELTS 6.0+,母语为英语或上一学历英语授课者经认定可免。申请材料须含CSCA考试成绩;材料评审通过后须参加面试和笔试,CSCA成绩特别优秀者经评审可免面试。另须个人经济能力证明(5000美元或以上)、6个月内体检报告。汉语言专业插班:HSK4级180分以上且学习汉语言一年以上成绩优秀者可申请插入二年级,HSK5级180分以上者可申请插入三年级。学费:中文授课文科20000元/年、理工24000元/年、医学30000元/年;英文授课文科23000元/年、理工28000元/年、医学40000元/年。申请费800元(在线缴纳);医疗保险800-1500元/年(所有留学生必须在校购买);住宿9600-28000元/年;另体检约500元、居留许可400元/年、教材至少500元/年。本科学制四至六年(临床医学中文授课5年、英文授课MBBS6年,口腔医学、预防医学5年)。
cmtuqgwfy00d14gyxunk6ahti	requirementsRu	非中国籍公民,符合教育部教外函〔2020〕12号文件要求(父母一方为中国公民或本人从中国大陆/港澳台移民取得外国国籍的,须入籍4年以上且近4年内在国外实际居住2年以上);身心健康;年龄原则上18至30岁(以2026年9月1日为准),未满18周岁须提交监护人保证书。语言要求:中文授课须新HSK4级180分(含)以上,母语为汉语或高中阶段使用汉语授课者经认定可免;英文授课须TOEFL 80+、TOEFL Essential 8+或IELTS 6.0+,母语为英语或上一学历英语授课者经认定可免。申请材料须含CSCA考试成绩;材料评审通过后须参加面试和笔试,CSCA成绩特别优秀者经评审可免面试。另须个人经济能力证明(5000美元或以上)、6个月内体检报告。汉语言专业插班:HSK4级180分以上且学习汉语言一年以上成绩优秀者可申请插入二年级,HSK5级180分以上者可申请插入三年级。学费:中文授课文科20000元/年、理工24000元/年、医学30000元/年;英文授课文科23000元/年、理工28000元/年、医学40000元/年。申请费800元(在线缴纳);医疗保险800-1500元/年(所有留学生必须在校购买);住宿9600-28000元/年;另体检约500元、居留许可400元/年、教材至少500元/年。本科学制四至六年(临床医学中文授课5年、英文授课MBBS6年,口腔医学、预防医学5年)。
cmtuqgwg200d24gyxusjn8dik	requirementsRu	非中国籍公民,符合教育部教外函〔2020〕12号文件要求(父母一方为中国公民或本人从中国大陆/港澳台移民取得外国国籍的,须入籍4年以上且近4年内在国外实际居住2年以上);身心健康;年龄原则上18至30岁(以2026年9月1日为准),未满18周岁须提交监护人保证书。语言要求:中文授课须新HSK4级180分(含)以上,母语为汉语或高中阶段使用汉语授课者经认定可免;英文授课须TOEFL 80+、TOEFL Essential 8+或IELTS 6.0+,母语为英语或上一学历英语授课者经认定可免。申请材料须含CSCA考试成绩;材料评审通过后须参加面试和笔试,CSCA成绩特别优秀者经评审可免面试。另须个人经济能力证明(5000美元或以上)、6个月内体检报告。汉语言专业插班:HSK4级180分以上且学习汉语言一年以上成绩优秀者可申请插入二年级,HSK5级180分以上者可申请插入三年级。学费:中文授课文科20000元/年、理工24000元/年、医学30000元/年;英文授课文科23000元/年、理工28000元/年、医学40000元/年。申请费800元(在线缴纳);医疗保险800-1500元/年(所有留学生必须在校购买);住宿9600-28000元/年;另体检约500元、居留许可400元/年、教材至少500元/年。本科学制四至六年(临床医学中文授课5年、英文授课MBBS6年,口腔医学、预防医学5年)。
cmtuqgwg600d34gyxot2312s1	requirementsRu	非中国籍公民,符合教育部教外函〔2020〕12号文件要求(父母一方为中国公民或本人从中国大陆/港澳台移民取得外国国籍的,须入籍4年以上且近4年内在国外实际居住2年以上);身心健康;年龄原则上18至30岁(以2026年9月1日为准),未满18周岁须提交监护人保证书。语言要求:中文授课须新HSK4级180分(含)以上,母语为汉语或高中阶段使用汉语授课者经认定可免;英文授课须TOEFL 80+、TOEFL Essential 8+或IELTS 6.0+,母语为英语或上一学历英语授课者经认定可免。申请材料须含CSCA考试成绩;材料评审通过后须参加面试和笔试,CSCA成绩特别优秀者经评审可免面试。另须个人经济能力证明(5000美元或以上)、6个月内体检报告。汉语言专业插班:HSK4级180分以上且学习汉语言一年以上成绩优秀者可申请插入二年级,HSK5级180分以上者可申请插入三年级。学费:中文授课文科20000元/年、理工24000元/年、医学30000元/年;英文授课文科23000元/年、理工28000元/年、医学40000元/年。申请费800元(在线缴纳);医疗保险800-1500元/年(所有留学生必须在校购买);住宿9600-28000元/年;另体检约500元、居留许可400元/年、教材至少500元/年。本科学制四至六年(临床医学中文授课5年、英文授课MBBS6年,口腔医学、预防医学5年)。
cmtuqgwg900d44gyxciuiha1p	requirementsRu	非中国籍公民,符合教育部教外函〔2020〕12号文件要求(父母一方为中国公民或本人从中国大陆/港澳台移民取得外国国籍的,须入籍4年以上且近4年内在国外实际居住2年以上);身心健康;年龄原则上18至30岁(以2026年9月1日为准),未满18周岁须提交监护人保证书。语言要求:中文授课须新HSK4级180分(含)以上,母语为汉语或高中阶段使用汉语授课者经认定可免;英文授课须TOEFL 80+、TOEFL Essential 8+或IELTS 6.0+,母语为英语或上一学历英语授课者经认定可免。申请材料须含CSCA考试成绩;材料评审通过后须参加面试和笔试,CSCA成绩特别优秀者经评审可免面试。另须个人经济能力证明(5000美元或以上)、6个月内体检报告。汉语言专业插班:HSK4级180分以上且学习汉语言一年以上成绩优秀者可申请插入二年级,HSK5级180分以上者可申请插入三年级。学费:中文授课文科20000元/年、理工24000元/年、医学30000元/年;英文授课文科23000元/年、理工28000元/年、医学40000元/年。申请费800元(在线缴纳);医疗保险800-1500元/年(所有留学生必须在校购买);住宿9600-28000元/年;另体检约500元、居留许可400元/年、教材至少500元/年。本科学制四至六年(临床医学中文授课5年、英文授课MBBS6年,口腔医学、预防医学5年)。
cmtuqgwgd00d54gyx7rpa8c4s	requirementsRu	非中国籍公民,符合教育部教外函〔2020〕12号文件要求(父母一方为中国公民或本人从中国大陆/港澳台移民取得外国国籍的,须入籍4年以上且近4年内在国外实际居住2年以上);身心健康;年龄原则上18至30岁(以2026年9月1日为准),未满18周岁须提交监护人保证书。语言要求:中文授课须新HSK4级180分(含)以上,母语为汉语或高中阶段使用汉语授课者经认定可免;英文授课须TOEFL 80+、TOEFL Essential 8+或IELTS 6.0+,母语为英语或上一学历英语授课者经认定可免。申请材料须含CSCA考试成绩;材料评审通过后须参加面试和笔试,CSCA成绩特别优秀者经评审可免面试。另须个人经济能力证明(5000美元或以上)、6个月内体检报告。汉语言专业插班:HSK4级180分以上且学习汉语言一年以上成绩优秀者可申请插入二年级,HSK5级180分以上者可申请插入三年级。学费:中文授课文科20000元/年、理工24000元/年、医学30000元/年;英文授课文科23000元/年、理工28000元/年、医学40000元/年。申请费800元(在线缴纳);医疗保险800-1500元/年(所有留学生必须在校购买);住宿9600-28000元/年;另体检约500元、居留许可400元/年、教材至少500元/年。本科学制四至六年(临床医学中文授课5年、英文授课MBBS6年,口腔医学、预防医学5年)。
cmtuqgwgg00d64gyxvvm46lla	requirementsRu	非中国籍公民,符合教育部教外函〔2020〕12号文件要求(父母一方为中国公民或本人从中国大陆/港澳台移民取得外国国籍的,须入籍4年以上且近4年内在国外实际居住2年以上);身心健康;年龄原则上18至30岁(以2026年9月1日为准),未满18周岁须提交监护人保证书。语言要求:中文授课须新HSK4级180分(含)以上,母语为汉语或高中阶段使用汉语授课者经认定可免;英文授课须TOEFL 80+、TOEFL Essential 8+或IELTS 6.0+,母语为英语或上一学历英语授课者经认定可免。申请材料须含CSCA考试成绩;材料评审通过后须参加面试和笔试,CSCA成绩特别优秀者经评审可免面试。另须个人经济能力证明(5000美元或以上)、6个月内体检报告。汉语言专业插班:HSK4级180分以上且学习汉语言一年以上成绩优秀者可申请插入二年级,HSK5级180分以上者可申请插入三年级。学费:中文授课文科20000元/年、理工24000元/年、医学30000元/年;英文授课文科23000元/年、理工28000元/年、医学40000元/年。申请费800元(在线缴纳);医疗保险800-1500元/年(所有留学生必须在校购买);住宿9600-28000元/年;另体检约500元、居留许可400元/年、教材至少500元/年。本科学制四至六年(临床医学中文授课5年、英文授课MBBS6年,口腔医学、预防医学5年)。
cmtuqgwgk00d74gyxj6xgw31j	requirementsRu	非中国籍公民,符合教育部教外函〔2020〕12号文件要求(父母一方为中国公民或本人从中国大陆/港澳台移民取得外国国籍的,须入籍4年以上且近4年内在国外实际居住2年以上);身心健康;年龄原则上18至30岁(以2026年9月1日为准),未满18周岁须提交监护人保证书。语言要求:中文授课须新HSK4级180分(含)以上,母语为汉语或高中阶段使用汉语授课者经认定可免;英文授课须TOEFL 80+、TOEFL Essential 8+或IELTS 6.0+,母语为英语或上一学历英语授课者经认定可免。申请材料须含CSCA考试成绩;材料评审通过后须参加面试和笔试,CSCA成绩特别优秀者经评审可免面试。另须个人经济能力证明(5000美元或以上)、6个月内体检报告。汉语言专业插班:HSK4级180分以上且学习汉语言一年以上成绩优秀者可申请插入二年级,HSK5级180分以上者可申请插入三年级。学费:中文授课文科20000元/年、理工24000元/年、医学30000元/年;英文授课文科23000元/年、理工28000元/年、医学40000元/年。申请费800元(在线缴纳);医疗保险800-1500元/年(所有留学生必须在校购买);住宿9600-28000元/年;另体检约500元、居留许可400元/年、教材至少500元/年。本科学制四至六年(临床医学中文授课5年、英文授课MBBS6年,口腔医学、预防医学5年)。
cmtuqgwgo00d84gyxa8v3khz3	requirementsRu	非中国籍公民,符合教育部教外函〔2020〕12号文件要求(父母一方为中国公民或本人从中国大陆/港澳台移民取得外国国籍的,须入籍4年以上且近4年内在国外实际居住2年以上);身心健康;年龄原则上18至30岁(以2026年9月1日为准),未满18周岁须提交监护人保证书。语言要求:中文授课须新HSK4级180分(含)以上,母语为汉语或高中阶段使用汉语授课者经认定可免;英文授课须TOEFL 80+、TOEFL Essential 8+或IELTS 6.0+,母语为英语或上一学历英语授课者经认定可免。申请材料须含CSCA考试成绩;材料评审通过后须参加面试和笔试,CSCA成绩特别优秀者经评审可免面试。另须个人经济能力证明(5000美元或以上)、6个月内体检报告。汉语言专业插班:HSK4级180分以上且学习汉语言一年以上成绩优秀者可申请插入二年级,HSK5级180分以上者可申请插入三年级。学费:中文授课文科20000元/年、理工24000元/年、医学30000元/年;英文授课文科23000元/年、理工28000元/年、医学40000元/年。申请费800元(在线缴纳);医疗保险800-1500元/年(所有留学生必须在校购买);住宿9600-28000元/年;另体检约500元、居留许可400元/年、教材至少500元/年。本科学制四至六年(临床医学中文授课5年、英文授课MBBS6年,口腔医学、预防医学5年)。
cmtuqgwgr00d94gyxwf7et96t	requirementsRu	非中国籍公民,符合教育部教外函〔2020〕12号文件要求(父母一方为中国公民或本人从中国大陆/港澳台移民取得外国国籍的,须入籍4年以上且近4年内在国外实际居住2年以上);身心健康;年龄原则上18至30岁(以2026年9月1日为准),未满18周岁须提交监护人保证书。语言要求:中文授课须新HSK4级180分(含)以上,母语为汉语或高中阶段使用汉语授课者经认定可免;英文授课须TOEFL 80+、TOEFL Essential 8+或IELTS 6.0+,母语为英语或上一学历英语授课者经认定可免。申请材料须含CSCA考试成绩;材料评审通过后须参加面试和笔试,CSCA成绩特别优秀者经评审可免面试。另须个人经济能力证明(5000美元或以上)、6个月内体检报告。汉语言专业插班:HSK4级180分以上且学习汉语言一年以上成绩优秀者可申请插入二年级,HSK5级180分以上者可申请插入三年级。学费:中文授课文科20000元/年、理工24000元/年、医学30000元/年;英文授课文科23000元/年、理工28000元/年、医学40000元/年。申请费800元(在线缴纳);医疗保险800-1500元/年(所有留学生必须在校购买);住宿9600-28000元/年;另体检约500元、居留许可400元/年、教材至少500元/年。本科学制四至六年(临床医学中文授课5年、英文授课MBBS6年,口腔医学、预防医学5年)。
cmtuqgwgu00da4gyx5ghos1qv	requirementsRu	非中国籍公民,符合教育部教外函〔2020〕12号文件要求(父母一方为中国公民或本人从中国大陆/港澳台移民取得外国国籍的,须入籍4年以上且近4年内在国外实际居住2年以上);身心健康;年龄原则上18至30岁(以2026年9月1日为准),未满18周岁须提交监护人保证书。语言要求:中文授课须新HSK4级180分(含)以上,母语为汉语或高中阶段使用汉语授课者经认定可免;英文授课须TOEFL 80+、TOEFL Essential 8+或IELTS 6.0+,母语为英语或上一学历英语授课者经认定可免。申请材料须含CSCA考试成绩;材料评审通过后须参加面试和笔试,CSCA成绩特别优秀者经评审可免面试。另须个人经济能力证明(5000美元或以上)、6个月内体检报告。汉语言专业插班:HSK4级180分以上且学习汉语言一年以上成绩优秀者可申请插入二年级,HSK5级180分以上者可申请插入三年级。学费:中文授课文科20000元/年、理工24000元/年、医学30000元/年;英文授课文科23000元/年、理工28000元/年、医学40000元/年。申请费800元(在线缴纳);医疗保险800-1500元/年(所有留学生必须在校购买);住宿9600-28000元/年;另体检约500元、居留许可400元/年、教材至少500元/年。本科学制四至六年(临床医学中文授课5年、英文授课MBBS6年,口腔医学、预防医学5年)。
cmtuqgwgy00db4gyxv1b85ele	requirementsRu	非中国籍公民,符合教育部教外函〔2020〕12号文件要求(父母一方为中国公民或本人从中国大陆/港澳台移民取得外国国籍的,须入籍4年以上且近4年内在国外实际居住2年以上);身心健康;年龄原则上18至30岁(以2026年9月1日为准),未满18周岁须提交监护人保证书。语言要求:中文授课须新HSK4级180分(含)以上,母语为汉语或高中阶段使用汉语授课者经认定可免;英文授课须TOEFL 80+、TOEFL Essential 8+或IELTS 6.0+,母语为英语或上一学历英语授课者经认定可免。申请材料须含CSCA考试成绩;材料评审通过后须参加面试和笔试,CSCA成绩特别优秀者经评审可免面试。另须个人经济能力证明(5000美元或以上)、6个月内体检报告。汉语言专业插班:HSK4级180分以上且学习汉语言一年以上成绩优秀者可申请插入二年级,HSK5级180分以上者可申请插入三年级。学费:中文授课文科20000元/年、理工24000元/年、医学30000元/年;英文授课文科23000元/年、理工28000元/年、医学40000元/年。申请费800元(在线缴纳);医疗保险800-1500元/年(所有留学生必须在校购买);住宿9600-28000元/年;另体检约500元、居留许可400元/年、教材至少500元/年。本科学制四至六年(临床医学中文授课5年、英文授课MBBS6年,口腔医学、预防医学5年)。
cmtuqgwh200dc4gyx4sbv8q2r	requirementsRu	非中国籍公民,符合教育部教外函〔2020〕12号文件要求(父母一方为中国公民或本人从中国大陆/港澳台移民取得外国国籍的,须入籍4年以上且近4年内在国外实际居住2年以上);身心健康;年龄原则上18至30岁(以2026年9月1日为准),未满18周岁须提交监护人保证书。语言要求:中文授课须新HSK4级180分(含)以上,母语为汉语或高中阶段使用汉语授课者经认定可免;英文授课须TOEFL 80+、TOEFL Essential 8+或IELTS 6.0+,母语为英语或上一学历英语授课者经认定可免。申请材料须含CSCA考试成绩;材料评审通过后须参加面试和笔试,CSCA成绩特别优秀者经评审可免面试。另须个人经济能力证明(5000美元或以上)、6个月内体检报告。汉语言专业插班:HSK4级180分以上且学习汉语言一年以上成绩优秀者可申请插入二年级,HSK5级180分以上者可申请插入三年级。学费:中文授课文科20000元/年、理工24000元/年、医学30000元/年;英文授课文科23000元/年、理工28000元/年、医学40000元/年。申请费800元(在线缴纳);医疗保险800-1500元/年(所有留学生必须在校购买);住宿9600-28000元/年;另体检约500元、居留许可400元/年、教材至少500元/年。本科学制四至六年(临床医学中文授课5年、英文授课MBBS6年,口腔医学、预防医学5年)。
cmtuqgwh600dd4gyxk65nwq0m	requirementsRu	非中国籍公民,符合教育部教外函〔2020〕12号文件要求(父母一方为中国公民或本人从中国大陆/港澳台移民取得外国国籍的,须入籍4年以上且近4年内在国外实际居住2年以上);身心健康;年龄原则上18至30岁(以2026年9月1日为准),未满18周岁须提交监护人保证书。语言要求:中文授课须新HSK4级180分(含)以上,母语为汉语或高中阶段使用汉语授课者经认定可免;英文授课须TOEFL 80+、TOEFL Essential 8+或IELTS 6.0+,母语为英语或上一学历英语授课者经认定可免。申请材料须含CSCA考试成绩;材料评审通过后须参加面试和笔试,CSCA成绩特别优秀者经评审可免面试。另须个人经济能力证明(5000美元或以上)、6个月内体检报告。汉语言专业插班:HSK4级180分以上且学习汉语言一年以上成绩优秀者可申请插入二年级,HSK5级180分以上者可申请插入三年级。学费:中文授课文科20000元/年、理工24000元/年、医学30000元/年;英文授课文科23000元/年、理工28000元/年、医学40000元/年。申请费800元(在线缴纳);医疗保险800-1500元/年(所有留学生必须在校购买);住宿9600-28000元/年;另体检约500元、居留许可400元/年、教材至少500元/年。本科学制四至六年(临床医学中文授课5年、英文授课MBBS6年,口腔医学、预防医学5年)。
cmtuqgwha00de4gyxgs6vgpke	requirementsRu	非中国籍公民,符合教育部教外函〔2020〕12号文件要求(父母一方为中国公民或本人从中国大陆/港澳台移民取得外国国籍的,须入籍4年以上且近4年内在国外实际居住2年以上);身心健康;年龄原则上18至30岁(以2026年9月1日为准),未满18周岁须提交监护人保证书。语言要求:中文授课须新HSK4级180分(含)以上,母语为汉语或高中阶段使用汉语授课者经认定可免;英文授课须TOEFL 80+、TOEFL Essential 8+或IELTS 6.0+,母语为英语或上一学历英语授课者经认定可免。申请材料须含CSCA考试成绩;材料评审通过后须参加面试和笔试,CSCA成绩特别优秀者经评审可免面试。另须个人经济能力证明(5000美元或以上)、6个月内体检报告。汉语言专业插班:HSK4级180分以上且学习汉语言一年以上成绩优秀者可申请插入二年级,HSK5级180分以上者可申请插入三年级。学费:中文授课文科20000元/年、理工24000元/年、医学30000元/年;英文授课文科23000元/年、理工28000元/年、医学40000元/年。申请费800元(在线缴纳);医疗保险800-1500元/年(所有留学生必须在校购买);住宿9600-28000元/年;另体检约500元、居留许可400元/年、教材至少500元/年。本科学制四至六年(临床医学中文授课5年、英文授课MBBS6年,口腔医学、预防医学5年)。
cmtuqgwhd00df4gyxvnzy90hn	requirementsRu	非中国籍公民,符合教育部教外函〔2020〕12号文件要求(父母一方为中国公民或本人从中国大陆/港澳台移民取得外国国籍的,须入籍4年以上且近4年内在国外实际居住2年以上);身心健康;年龄原则上18至30岁(以2026年9月1日为准),未满18周岁须提交监护人保证书。语言要求:中文授课须新HSK4级180分(含)以上,母语为汉语或高中阶段使用汉语授课者经认定可免;英文授课须TOEFL 80+、TOEFL Essential 8+或IELTS 6.0+,母语为英语或上一学历英语授课者经认定可免。申请材料须含CSCA考试成绩;材料评审通过后须参加面试和笔试,CSCA成绩特别优秀者经评审可免面试。另须个人经济能力证明(5000美元或以上)、6个月内体检报告。汉语言专业插班:HSK4级180分以上且学习汉语言一年以上成绩优秀者可申请插入二年级,HSK5级180分以上者可申请插入三年级。学费:中文授课文科20000元/年、理工24000元/年、医学30000元/年;英文授课文科23000元/年、理工28000元/年、医学40000元/年。申请费800元(在线缴纳);医疗保险800-1500元/年(所有留学生必须在校购买);住宿9600-28000元/年;另体检约500元、居留许可400元/年、教材至少500元/年。本科学制四至六年(临床医学中文授课5年、英文授课MBBS6年,口腔医学、预防医学5年)。
cmtuqgwhh00dg4gyxxff7qyzd	requirementsRu	非中国籍公民,符合教育部教外函〔2020〕12号文件要求(父母一方为中国公民或本人从中国大陆/港澳台移民取得外国国籍的,须入籍4年以上且近4年内在国外实际居住2年以上);身心健康;年龄原则上18至30岁(以2026年9月1日为准),未满18周岁须提交监护人保证书。语言要求:中文授课须新HSK4级180分(含)以上,母语为汉语或高中阶段使用汉语授课者经认定可免;英文授课须TOEFL 80+、TOEFL Essential 8+或IELTS 6.0+,母语为英语或上一学历英语授课者经认定可免。申请材料须含CSCA考试成绩;材料评审通过后须参加面试和笔试,CSCA成绩特别优秀者经评审可免面试。另须个人经济能力证明(5000美元或以上)、6个月内体检报告。汉语言专业插班:HSK4级180分以上且学习汉语言一年以上成绩优秀者可申请插入二年级,HSK5级180分以上者可申请插入三年级。学费:中文授课文科20000元/年、理工24000元/年、医学30000元/年;英文授课文科23000元/年、理工28000元/年、医学40000元/年。申请费800元(在线缴纳);医疗保险800-1500元/年(所有留学生必须在校购买);住宿9600-28000元/年;另体检约500元、居留许可400元/年、教材至少500元/年。本科学制四至六年(临床医学中文授课5年、英文授课MBBS6年,口腔医学、预防医学5年)。
cmtuqgwhl00dh4gyxmxesv0a8	requirementsRu	非中国籍公民,符合教育部教外函〔2020〕12号文件要求(父母一方为中国公民或本人从中国大陆/港澳台移民取得外国国籍的,须入籍4年以上且近4年内在国外实际居住2年以上);身心健康;年龄原则上18至30岁(以2026年9月1日为准),未满18周岁须提交监护人保证书。语言要求:中文授课须新HSK4级180分(含)以上,母语为汉语或高中阶段使用汉语授课者经认定可免;英文授课须TOEFL 80+、TOEFL Essential 8+或IELTS 6.0+,母语为英语或上一学历英语授课者经认定可免。申请材料须含CSCA考试成绩;材料评审通过后须参加面试和笔试,CSCA成绩特别优秀者经评审可免面试。另须个人经济能力证明(5000美元或以上)、6个月内体检报告。汉语言专业插班:HSK4级180分以上且学习汉语言一年以上成绩优秀者可申请插入二年级,HSK5级180分以上者可申请插入三年级。学费:中文授课文科20000元/年、理工24000元/年、医学30000元/年;英文授课文科23000元/年、理工28000元/年、医学40000元/年。申请费800元(在线缴纳);医疗保险800-1500元/年(所有留学生必须在校购买);住宿9600-28000元/年;另体检约500元、居留许可400元/年、教材至少500元/年。本科学制四至六年(临床医学中文授课5年、英文授课MBBS6年,口腔医学、预防医学5年)。
cmtuqgwhp00di4gyxy8yxws3v	requirementsRu	非中国籍公民,符合教育部教外函〔2020〕12号文件要求(父母一方为中国公民或本人从中国大陆/港澳台移民取得外国国籍的,须入籍4年以上且近4年内在国外实际居住2年以上);身心健康;年龄原则上18至30岁(以2026年9月1日为准),未满18周岁须提交监护人保证书。语言要求:中文授课须新HSK4级180分(含)以上,母语为汉语或高中阶段使用汉语授课者经认定可免;英文授课须TOEFL 80+、TOEFL Essential 8+或IELTS 6.0+,母语为英语或上一学历英语授课者经认定可免。申请材料须含CSCA考试成绩;材料评审通过后须参加面试和笔试,CSCA成绩特别优秀者经评审可免面试。另须个人经济能力证明(5000美元或以上)、6个月内体检报告。汉语言专业插班:HSK4级180分以上且学习汉语言一年以上成绩优秀者可申请插入二年级,HSK5级180分以上者可申请插入三年级。学费:中文授课文科20000元/年、理工24000元/年、医学30000元/年;英文授课文科23000元/年、理工28000元/年、医学40000元/年。申请费800元(在线缴纳);医疗保险800-1500元/年(所有留学生必须在校购买);住宿9600-28000元/年;另体检约500元、居留许可400元/年、教材至少500元/年。本科学制四至六年(临床医学中文授课5年、英文授课MBBS6年,口腔医学、预防医学5年)。
cmtuqgwhu00dj4gyxqh16wfm4	requirementsRu	非中国籍公民,符合教育部教外函〔2020〕12号文件要求(父母一方为中国公民或本人从中国大陆/港澳台移民取得外国国籍的,须入籍4年以上且近4年内在国外实际居住2年以上);身心健康;年龄原则上18至30岁(以2026年9月1日为准),未满18周岁须提交监护人保证书。语言要求:中文授课须新HSK4级180分(含)以上,母语为汉语或高中阶段使用汉语授课者经认定可免;英文授课须TOEFL 80+、TOEFL Essential 8+或IELTS 6.0+,母语为英语或上一学历英语授课者经认定可免。申请材料须含CSCA考试成绩;材料评审通过后须参加面试和笔试,CSCA成绩特别优秀者经评审可免面试。另须个人经济能力证明(5000美元或以上)、6个月内体检报告。汉语言专业插班:HSK4级180分以上且学习汉语言一年以上成绩优秀者可申请插入二年级,HSK5级180分以上者可申请插入三年级。学费:中文授课文科20000元/年、理工24000元/年、医学30000元/年;英文授课文科23000元/年、理工28000元/年、医学40000元/年。申请费800元(在线缴纳);医疗保险800-1500元/年(所有留学生必须在校购买);住宿9600-28000元/年;另体检约500元、居留许可400元/年、教材至少500元/年。本科学制四至六年(临床医学中文授课5年、英文授课MBBS6年,口腔医学、预防医学5年)。
cmtuqgwhy00dk4gyxc9egetwx	requirementsRu	非中国籍公民,符合教育部教外函〔2020〕12号文件要求(父母一方为中国公民或本人从中国大陆/港澳台移民取得外国国籍的,须入籍4年以上且近4年内在国外实际居住2年以上);身心健康;年龄原则上18至30岁(以2026年9月1日为准),未满18周岁须提交监护人保证书。语言要求:中文授课须新HSK4级180分(含)以上,母语为汉语或高中阶段使用汉语授课者经认定可免;英文授课须TOEFL 80+、TOEFL Essential 8+或IELTS 6.0+,母语为英语或上一学历英语授课者经认定可免。申请材料须含CSCA考试成绩;材料评审通过后须参加面试和笔试,CSCA成绩特别优秀者经评审可免面试。另须个人经济能力证明(5000美元或以上)、6个月内体检报告。汉语言专业插班:HSK4级180分以上且学习汉语言一年以上成绩优秀者可申请插入二年级,HSK5级180分以上者可申请插入三年级。学费:中文授课文科20000元/年、理工24000元/年、医学30000元/年;英文授课文科23000元/年、理工28000元/年、医学40000元/年。申请费800元(在线缴纳);医疗保险800-1500元/年(所有留学生必须在校购买);住宿9600-28000元/年;另体检约500元、居留许可400元/年、教材至少500元/年。本科学制四至六年(临床医学中文授课5年、英文授课MBBS6年,口腔医学、预防医学5年)。
cmtuqgwi300dl4gyxlyafdwx3	requirementsRu	非中国籍公民,符合教育部教外函〔2020〕12号文件要求(父母一方为中国公民或本人从中国大陆/港澳台移民取得外国国籍的,须入籍4年以上且近4年内在国外实际居住2年以上);身心健康;年龄原则上18至30岁(以2026年9月1日为准),未满18周岁须提交监护人保证书。语言要求:中文授课须新HSK4级180分(含)以上,母语为汉语或高中阶段使用汉语授课者经认定可免;英文授课须TOEFL 80+、TOEFL Essential 8+或IELTS 6.0+,母语为英语或上一学历英语授课者经认定可免。申请材料须含CSCA考试成绩;材料评审通过后须参加面试和笔试,CSCA成绩特别优秀者经评审可免面试。另须个人经济能力证明(5000美元或以上)、6个月内体检报告。汉语言专业插班:HSK4级180分以上且学习汉语言一年以上成绩优秀者可申请插入二年级,HSK5级180分以上者可申请插入三年级。学费:中文授课文科20000元/年、理工24000元/年、医学30000元/年;英文授课文科23000元/年、理工28000元/年、医学40000元/年。申请费800元(在线缴纳);医疗保险800-1500元/年(所有留学生必须在校购买);住宿9600-28000元/年;另体检约500元、居留许可400元/年、教材至少500元/年。本科学制四至六年(临床医学中文授课5年、英文授课MBBS6年,口腔医学、预防医学5年)。
cmtuqgwi600dm4gyx2oq1p3rq	requirementsRu	非中国籍公民,符合教育部教外函〔2020〕12号文件要求(父母一方为中国公民或本人从中国大陆/港澳台移民取得外国国籍的,须入籍4年以上且近4年内在国外实际居住2年以上);身心健康;年龄原则上18至30岁(以2026年9月1日为准),未满18周岁须提交监护人保证书。语言要求:中文授课须新HSK4级180分(含)以上,母语为汉语或高中阶段使用汉语授课者经认定可免;英文授课须TOEFL 80+、TOEFL Essential 8+或IELTS 6.0+,母语为英语或上一学历英语授课者经认定可免。申请材料须含CSCA考试成绩;材料评审通过后须参加面试和笔试,CSCA成绩特别优秀者经评审可免面试。另须个人经济能力证明(5000美元或以上)、6个月内体检报告。汉语言专业插班:HSK4级180分以上且学习汉语言一年以上成绩优秀者可申请插入二年级,HSK5级180分以上者可申请插入三年级。学费:中文授课文科20000元/年、理工24000元/年、医学30000元/年;英文授课文科23000元/年、理工28000元/年、医学40000元/年。申请费800元(在线缴纳);医疗保险800-1500元/年(所有留学生必须在校购买);住宿9600-28000元/年;另体检约500元、居留许可400元/年、教材至少500元/年。本科学制四至六年(临床医学中文授课5年、英文授课MBBS6年,口腔医学、预防医学5年)。
cmtuqgwia00dn4gyxklnuyywr	requirementsRu	非中国籍公民,符合教育部教外函〔2020〕12号文件要求(父母一方为中国公民或本人从中国大陆/港澳台移民取得外国国籍的,须入籍4年以上且近4年内在国外实际居住2年以上);身心健康;年龄原则上18至30岁(以2026年9月1日为准),未满18周岁须提交监护人保证书。语言要求:中文授课须新HSK4级180分(含)以上,母语为汉语或高中阶段使用汉语授课者经认定可免;英文授课须TOEFL 80+、TOEFL Essential 8+或IELTS 6.0+,母语为英语或上一学历英语授课者经认定可免。申请材料须含CSCA考试成绩;材料评审通过后须参加面试和笔试,CSCA成绩特别优秀者经评审可免面试。另须个人经济能力证明(5000美元或以上)、6个月内体检报告。汉语言专业插班:HSK4级180分以上且学习汉语言一年以上成绩优秀者可申请插入二年级,HSK5级180分以上者可申请插入三年级。学费:中文授课文科20000元/年、理工24000元/年、医学30000元/年;英文授课文科23000元/年、理工28000元/年、医学40000元/年。申请费800元(在线缴纳);医疗保险800-1500元/年(所有留学生必须在校购买);住宿9600-28000元/年;另体检约500元、居留许可400元/年、教材至少500元/年。本科学制四至六年(临床医学中文授课5年、英文授课MBBS6年,口腔医学、预防医学5年)。
cmtuqgwid00do4gyxbfcqb4o9	requirementsRu	非中国籍公民,符合教育部教外函〔2020〕12号文件要求(父母一方为中国公民或本人从中国大陆/港澳台移民取得外国国籍的,须入籍4年以上且近4年内在国外实际居住2年以上);身心健康;年龄原则上18至30岁(以2026年9月1日为准),未满18周岁须提交监护人保证书。语言要求:中文授课须新HSK4级180分(含)以上,母语为汉语或高中阶段使用汉语授课者经认定可免;英文授课须TOEFL 80+、TOEFL Essential 8+或IELTS 6.0+,母语为英语或上一学历英语授课者经认定可免。申请材料须含CSCA考试成绩;材料评审通过后须参加面试和笔试,CSCA成绩特别优秀者经评审可免面试。另须个人经济能力证明(5000美元或以上)、6个月内体检报告。汉语言专业插班:HSK4级180分以上且学习汉语言一年以上成绩优秀者可申请插入二年级,HSK5级180分以上者可申请插入三年级。学费:中文授课文科20000元/年、理工24000元/年、医学30000元/年;英文授课文科23000元/年、理工28000元/年、医学40000元/年。申请费800元(在线缴纳);医疗保险800-1500元/年(所有留学生必须在校购买);住宿9600-28000元/年;另体检约500元、居留许可400元/年、教材至少500元/年。本科学制四至六年(临床医学中文授课5年、英文授课MBBS6年,口腔医学、预防医学5年)。
cmtuqgwig00dp4gyxs7foxfin	requirementsRu	非中国籍公民,符合教育部教外函〔2020〕12号文件要求(父母一方为中国公民或本人从中国大陆/港澳台移民取得外国国籍的,须入籍4年以上且近4年内在国外实际居住2年以上);身心健康;年龄原则上18至30岁(以2026年9月1日为准),未满18周岁须提交监护人保证书。语言要求:中文授课须新HSK4级180分(含)以上,母语为汉语或高中阶段使用汉语授课者经认定可免;英文授课须TOEFL 80+、TOEFL Essential 8+或IELTS 6.0+,母语为英语或上一学历英语授课者经认定可免。申请材料须含CSCA考试成绩;材料评审通过后须参加面试和笔试,CSCA成绩特别优秀者经评审可免面试。另须个人经济能力证明(5000美元或以上)、6个月内体检报告。汉语言专业插班:HSK4级180分以上且学习汉语言一年以上成绩优秀者可申请插入二年级,HSK5级180分以上者可申请插入三年级。学费:中文授课文科20000元/年、理工24000元/年、医学30000元/年;英文授课文科23000元/年、理工28000元/年、医学40000元/年。申请费800元(在线缴纳);医疗保险800-1500元/年(所有留学生必须在校购买);住宿9600-28000元/年;另体检约500元、居留许可400元/年、教材至少500元/年。本科学制四至六年(临床医学中文授课5年、英文授课MBBS6年,口腔医学、预防医学5年)。
cmtuqgwik00dq4gyx2yn5ng44	requirementsRu	非中国籍公民,符合教育部教外函〔2020〕12号文件要求(父母一方为中国公民或本人从中国大陆/港澳台移民取得外国国籍的,须入籍4年以上且近4年内在国外实际居住2年以上);身心健康;年龄原则上18至30岁(以2026年9月1日为准),未满18周岁须提交监护人保证书。语言要求:中文授课须新HSK4级180分(含)以上,母语为汉语或高中阶段使用汉语授课者经认定可免;英文授课须TOEFL 80+、TOEFL Essential 8+或IELTS 6.0+,母语为英语或上一学历英语授课者经认定可免。申请材料须含CSCA考试成绩;材料评审通过后须参加面试和笔试,CSCA成绩特别优秀者经评审可免面试。另须个人经济能力证明(5000美元或以上)、6个月内体检报告。汉语言专业插班:HSK4级180分以上且学习汉语言一年以上成绩优秀者可申请插入二年级,HSK5级180分以上者可申请插入三年级。学费:中文授课文科20000元/年、理工24000元/年、医学30000元/年;英文授课文科23000元/年、理工28000元/年、医学40000元/年。申请费800元(在线缴纳);医疗保险800-1500元/年(所有留学生必须在校购买);住宿9600-28000元/年;另体检约500元、居留许可400元/年、教材至少500元/年。本科学制四至六年(临床医学中文授课5年、英文授课MBBS6年,口腔医学、预防医学5年)。
cmtuqgwin00dr4gyx8whufxlr	requirementsRu	非中国籍公民,符合教育部教外函〔2020〕12号文件要求(父母一方为中国公民或本人从中国大陆/港澳台移民取得外国国籍的,须入籍4年以上且近4年内在国外实际居住2年以上);身心健康;年龄原则上18至30岁(以2026年9月1日为准),未满18周岁须提交监护人保证书。语言要求:中文授课须新HSK4级180分(含)以上,母语为汉语或高中阶段使用汉语授课者经认定可免;英文授课须TOEFL 80+、TOEFL Essential 8+或IELTS 6.0+,母语为英语或上一学历英语授课者经认定可免。申请材料须含CSCA考试成绩;材料评审通过后须参加面试和笔试,CSCA成绩特别优秀者经评审可免面试。另须个人经济能力证明(5000美元或以上)、6个月内体检报告。汉语言专业插班:HSK4级180分以上且学习汉语言一年以上成绩优秀者可申请插入二年级,HSK5级180分以上者可申请插入三年级。学费:中文授课文科20000元/年、理工24000元/年、医学30000元/年;英文授课文科23000元/年、理工28000元/年、医学40000元/年。申请费800元(在线缴纳);医疗保险800-1500元/年(所有留学生必须在校购买);住宿9600-28000元/年;另体检约500元、居留许可400元/年、教材至少500元/年。本科学制四至六年(临床医学中文授课5年、英文授课MBBS6年,口腔医学、预防医学5年)。
cmtuqgwir00ds4gyx97ttn63w	requirementsRu	非中国籍公民,符合教育部教外函〔2020〕12号文件要求(父母一方为中国公民或本人从中国大陆/港澳台移民取得外国国籍的,须入籍4年以上且近4年内在国外实际居住2年以上);身心健康;年龄原则上18至30岁(以2026年9月1日为准),未满18周岁须提交监护人保证书。语言要求:中文授课须新HSK4级180分(含)以上,母语为汉语或高中阶段使用汉语授课者经认定可免;英文授课须TOEFL 80+、TOEFL Essential 8+或IELTS 6.0+,母语为英语或上一学历英语授课者经认定可免。申请材料须含CSCA考试成绩;材料评审通过后须参加面试和笔试,CSCA成绩特别优秀者经评审可免面试。另须个人经济能力证明(5000美元或以上)、6个月内体检报告。汉语言专业插班:HSK4级180分以上且学习汉语言一年以上成绩优秀者可申请插入二年级,HSK5级180分以上者可申请插入三年级。学费:中文授课文科20000元/年、理工24000元/年、医学30000元/年;英文授课文科23000元/年、理工28000元/年、医学40000元/年。申请费800元(在线缴纳);医疗保险800-1500元/年(所有留学生必须在校购买);住宿9600-28000元/年;另体检约500元、居留许可400元/年、教材至少500元/年。本科学制四至六年(临床医学中文授课5年、英文授课MBBS6年,口腔医学、预防医学5年)。
cmtuqgwiv00dt4gyxjej434dq	requirementsRu	非中国籍公民,符合教育部教外函〔2020〕12号文件要求(父母一方为中国公民或本人从中国大陆/港澳台移民取得外国国籍的,须入籍4年以上且近4年内在国外实际居住2年以上);身心健康;年龄原则上18至30岁(以2026年9月1日为准),未满18周岁须提交监护人保证书。语言要求:中文授课须新HSK4级180分(含)以上,母语为汉语或高中阶段使用汉语授课者经认定可免;英文授课须TOEFL 80+、TOEFL Essential 8+或IELTS 6.0+,母语为英语或上一学历英语授课者经认定可免。申请材料须含CSCA考试成绩;材料评审通过后须参加面试和笔试,CSCA成绩特别优秀者经评审可免面试。另须个人经济能力证明(5000美元或以上)、6个月内体检报告。汉语言专业插班:HSK4级180分以上且学习汉语言一年以上成绩优秀者可申请插入二年级,HSK5级180分以上者可申请插入三年级。学费:中文授课文科20000元/年、理工24000元/年、医学30000元/年;英文授课文科23000元/年、理工28000元/年、医学40000元/年。申请费800元(在线缴纳);医疗保险800-1500元/年(所有留学生必须在校购买);住宿9600-28000元/年;另体检约500元、居留许可400元/年、教材至少500元/年。本科学制四至六年(临床医学中文授课5年、英文授课MBBS6年,口腔医学、预防医学5年)。
cmtuqgwiy00du4gyx8rt9ilnq	requirementsRu	非中国籍公民,符合教育部教外函〔2020〕12号文件要求(父母一方为中国公民或本人从中国大陆/港澳台移民取得外国国籍的,须入籍4年以上且近4年内在国外实际居住2年以上);身心健康;年龄原则上18至30岁(以2026年9月1日为准),未满18周岁须提交监护人保证书。语言要求:中文授课须新HSK4级180分(含)以上,母语为汉语或高中阶段使用汉语授课者经认定可免;英文授课须TOEFL 80+、TOEFL Essential 8+或IELTS 6.0+,母语为英语或上一学历英语授课者经认定可免。申请材料须含CSCA考试成绩;材料评审通过后须参加面试和笔试,CSCA成绩特别优秀者经评审可免面试。另须个人经济能力证明(5000美元或以上)、6个月内体检报告。汉语言专业插班:HSK4级180分以上且学习汉语言一年以上成绩优秀者可申请插入二年级,HSK5级180分以上者可申请插入三年级。学费:中文授课文科20000元/年、理工24000元/年、医学30000元/年;英文授课文科23000元/年、理工28000元/年、医学40000元/年。申请费800元(在线缴纳);医疗保险800-1500元/年(所有留学生必须在校购买);住宿9600-28000元/年;另体检约500元、居留许可400元/年、教材至少500元/年。本科学制四至六年(临床医学中文授课5年、英文授课MBBS6年,口腔医学、预防医学5年)。
cmtuqgwj200dv4gyxcun56865	requirementsRu	非中国籍公民,符合教育部教外函〔2020〕12号文件要求(父母一方为中国公民或本人从中国大陆/港澳台移民取得外国国籍的,须入籍4年以上且近4年内在国外实际居住2年以上);身心健康;年龄原则上18至30岁(以2026年9月1日为准),未满18周岁须提交监护人保证书。语言要求:中文授课须新HSK4级180分(含)以上,母语为汉语或高中阶段使用汉语授课者经认定可免;英文授课须TOEFL 80+、TOEFL Essential 8+或IELTS 6.0+,母语为英语或上一学历英语授课者经认定可免。申请材料须含CSCA考试成绩;材料评审通过后须参加面试和笔试,CSCA成绩特别优秀者经评审可免面试。另须个人经济能力证明(5000美元或以上)、6个月内体检报告。汉语言专业插班:HSK4级180分以上且学习汉语言一年以上成绩优秀者可申请插入二年级,HSK5级180分以上者可申请插入三年级。学费:中文授课文科20000元/年、理工24000元/年、医学30000元/年;英文授课文科23000元/年、理工28000元/年、医学40000元/年。申请费800元(在线缴纳);医疗保险800-1500元/年(所有留学生必须在校购买);住宿9600-28000元/年;另体检约500元、居留许可400元/年、教材至少500元/年。本科学制四至六年(临床医学中文授课5年、英文授课MBBS6年,口腔医学、预防医学5年)。
cmtuqgwj500dw4gyx9yuxpr83	requirementsRu	非中国籍公民,符合教育部教外函〔2020〕12号文件要求(父母一方为中国公民或本人从中国大陆/港澳台移民取得外国国籍的,须入籍4年以上且近4年内在国外实际居住2年以上);身心健康;年龄原则上18至30岁(以2026年9月1日为准),未满18周岁须提交监护人保证书。语言要求:中文授课须新HSK4级180分(含)以上,母语为汉语或高中阶段使用汉语授课者经认定可免;英文授课须TOEFL 80+、TOEFL Essential 8+或IELTS 6.0+,母语为英语或上一学历英语授课者经认定可免。申请材料须含CSCA考试成绩;材料评审通过后须参加面试和笔试,CSCA成绩特别优秀者经评审可免面试。另须个人经济能力证明(5000美元或以上)、6个月内体检报告。汉语言专业插班:HSK4级180分以上且学习汉语言一年以上成绩优秀者可申请插入二年级,HSK5级180分以上者可申请插入三年级。学费:中文授课文科20000元/年、理工24000元/年、医学30000元/年;英文授课文科23000元/年、理工28000元/年、医学40000元/年。申请费800元(在线缴纳);医疗保险800-1500元/年(所有留学生必须在校购买);住宿9600-28000元/年;另体检约500元、居留许可400元/年、教材至少500元/年。本科学制四至六年(临床医学中文授课5年、英文授课MBBS6年,口腔医学、预防医学5年)。
cmtuqgwj900dx4gyxjbaht96v	requirementsRu	非中国籍公民,符合教育部教外函〔2020〕12号文件要求(父母一方为中国公民或本人从中国大陆/港澳台移民取得外国国籍的,须入籍4年以上且近4年内在国外实际居住2年以上);身心健康;年龄原则上18至30岁(以2026年9月1日为准),未满18周岁须提交监护人保证书。语言要求:中文授课须新HSK4级180分(含)以上,母语为汉语或高中阶段使用汉语授课者经认定可免;英文授课须TOEFL 80+、TOEFL Essential 8+或IELTS 6.0+,母语为英语或上一学历英语授课者经认定可免。申请材料须含CSCA考试成绩;材料评审通过后须参加面试和笔试,CSCA成绩特别优秀者经评审可免面试。另须个人经济能力证明(5000美元或以上)、6个月内体检报告。汉语言专业插班:HSK4级180分以上且学习汉语言一年以上成绩优秀者可申请插入二年级,HSK5级180分以上者可申请插入三年级。学费:中文授课文科20000元/年、理工24000元/年、医学30000元/年;英文授课文科23000元/年、理工28000元/年、医学40000元/年。申请费800元(在线缴纳);医疗保险800-1500元/年(所有留学生必须在校购买);住宿9600-28000元/年;另体检约500元、居留许可400元/年、教材至少500元/年。本科学制四至六年(临床医学中文授课5年、英文授课MBBS6年,口腔医学、预防医学5年)。
cmtuqgwjc00dy4gyxvbh2g3b3	requirementsRu	非中国籍公民,符合教育部教外函〔2020〕12号文件要求(父母一方为中国公民或本人从中国大陆/港澳台移民取得外国国籍的,须入籍4年以上且近4年内在国外实际居住2年以上);身心健康;年龄原则上18至30岁(以2026年9月1日为准),未满18周岁须提交监护人保证书。语言要求:中文授课须新HSK4级180分(含)以上,母语为汉语或高中阶段使用汉语授课者经认定可免;英文授课须TOEFL 80+、TOEFL Essential 8+或IELTS 6.0+,母语为英语或上一学历英语授课者经认定可免。申请材料须含CSCA考试成绩;材料评审通过后须参加面试和笔试,CSCA成绩特别优秀者经评审可免面试。另须个人经济能力证明(5000美元或以上)、6个月内体检报告。汉语言专业插班:HSK4级180分以上且学习汉语言一年以上成绩优秀者可申请插入二年级,HSK5级180分以上者可申请插入三年级。学费:中文授课文科20000元/年、理工24000元/年、医学30000元/年;英文授课文科23000元/年、理工28000元/年、医学40000元/年。申请费800元(在线缴纳);医疗保险800-1500元/年(所有留学生必须在校购买);住宿9600-28000元/年;另体检约500元、居留许可400元/年、教材至少500元/年。本科学制四至六年(临床医学中文授课5年、英文授课MBBS6年,口腔医学、预防医学5年)。
cmtuqgwjf00dz4gyx0iwx40cy	requirementsRu	非中国籍公民,符合教育部教外函〔2020〕12号文件要求(父母一方为中国公民或本人从中国大陆/港澳台移民取得外国国籍的,须入籍4年以上且近4年内在国外实际居住2年以上);身心健康;年龄原则上18至30岁(以2026年9月1日为准),未满18周岁须提交监护人保证书。语言要求:中文授课须新HSK4级180分(含)以上,母语为汉语或高中阶段使用汉语授课者经认定可免;英文授课须TOEFL 80+、TOEFL Essential 8+或IELTS 6.0+,母语为英语或上一学历英语授课者经认定可免。申请材料须含CSCA考试成绩;材料评审通过后须参加面试和笔试,CSCA成绩特别优秀者经评审可免面试。另须个人经济能力证明(5000美元或以上)、6个月内体检报告。汉语言专业插班:HSK4级180分以上且学习汉语言一年以上成绩优秀者可申请插入二年级,HSK5级180分以上者可申请插入三年级。学费:中文授课文科20000元/年、理工24000元/年、医学30000元/年;英文授课文科23000元/年、理工28000元/年、医学40000元/年。申请费800元(在线缴纳);医疗保险800-1500元/年(所有留学生必须在校购买);住宿9600-28000元/年;另体检约500元、居留许可400元/年、教材至少500元/年。本科学制四至六年(临床医学中文授课5年、英文授课MBBS6年,口腔医学、预防医学5年)。
cmtuqgwjj00e04gyxjkm41g2g	requirementsRu	非中国籍公民,符合教育部教外函〔2020〕12号文件要求(父母一方为中国公民或本人从中国大陆/港澳台移民取得外国国籍的,须入籍4年以上且近4年内在国外实际居住2年以上);身心健康;年龄原则上18至30岁(以2026年9月1日为准),未满18周岁须提交监护人保证书。语言要求:中文授课须新HSK4级180分(含)以上,母语为汉语或高中阶段使用汉语授课者经认定可免;英文授课须TOEFL 80+、TOEFL Essential 8+或IELTS 6.0+,母语为英语或上一学历英语授课者经认定可免。申请材料须含CSCA考试成绩;材料评审通过后须参加面试和笔试,CSCA成绩特别优秀者经评审可免面试。另须个人经济能力证明(5000美元或以上)、6个月内体检报告。汉语言专业插班:HSK4级180分以上且学习汉语言一年以上成绩优秀者可申请插入二年级,HSK5级180分以上者可申请插入三年级。学费:中文授课文科20000元/年、理工24000元/年、医学30000元/年;英文授课文科23000元/年、理工28000元/年、医学40000元/年。申请费800元(在线缴纳);医疗保险800-1500元/年(所有留学生必须在校购买);住宿9600-28000元/年;另体检约500元、居留许可400元/年、教材至少500元/年。本科学制四至六年(临床医学中文授课5年、英文授课MBBS6年,口腔医学、预防医学5年)。
cmtuqgwjm00e14gyxff9mhgac	requirementsRu	非中国籍公民,符合教育部教外函〔2020〕12号文件要求(父母一方为中国公民或本人从中国大陆/港澳台移民取得外国国籍的,须入籍4年以上且近4年内在国外实际居住2年以上);身心健康;年龄原则上18至30岁(以2026年9月1日为准),未满18周岁须提交监护人保证书。语言要求:中文授课须新HSK4级180分(含)以上,母语为汉语或高中阶段使用汉语授课者经认定可免;英文授课须TOEFL 80+、TOEFL Essential 8+或IELTS 6.0+,母语为英语或上一学历英语授课者经认定可免。申请材料须含CSCA考试成绩;材料评审通过后须参加面试和笔试,CSCA成绩特别优秀者经评审可免面试。另须个人经济能力证明(5000美元或以上)、6个月内体检报告。汉语言专业插班:HSK4级180分以上且学习汉语言一年以上成绩优秀者可申请插入二年级,HSK5级180分以上者可申请插入三年级。学费:中文授课文科20000元/年、理工24000元/年、医学30000元/年;英文授课文科23000元/年、理工28000元/年、医学40000元/年。申请费800元(在线缴纳);医疗保险800-1500元/年(所有留学生必须在校购买);住宿9600-28000元/年;另体检约500元、居留许可400元/年、教材至少500元/年。本科学制四至六年(临床医学中文授课5年、英文授课MBBS6年,口腔医学、预防医学5年)。
cmtuqgwjq00e24gyxfy2rb4t3	requirementsRu	非中国籍公民,符合教育部教外函〔2020〕12号文件要求(父母一方为中国公民或本人从中国大陆/港澳台移民取得外国国籍的,须入籍4年以上且近4年内在国外实际居住2年以上);身心健康;年龄原则上18至30岁(以2026年9月1日为准),未满18周岁须提交监护人保证书。语言要求:中文授课须新HSK4级180分(含)以上,母语为汉语或高中阶段使用汉语授课者经认定可免;英文授课须TOEFL 80+、TOEFL Essential 8+或IELTS 6.0+,母语为英语或上一学历英语授课者经认定可免。申请材料须含CSCA考试成绩;材料评审通过后须参加面试和笔试,CSCA成绩特别优秀者经评审可免面试。另须个人经济能力证明(5000美元或以上)、6个月内体检报告。汉语言专业插班:HSK4级180分以上且学习汉语言一年以上成绩优秀者可申请插入二年级,HSK5级180分以上者可申请插入三年级。学费:中文授课文科20000元/年、理工24000元/年、医学30000元/年;英文授课文科23000元/年、理工28000元/年、医学40000元/年。申请费800元(在线缴纳);医疗保险800-1500元/年(所有留学生必须在校购买);住宿9600-28000元/年;另体检约500元、居留许可400元/年、教材至少500元/年。本科学制四至六年(临床医学中文授课5年、英文授课MBBS6年,口腔医学、预防医学5年)。
cmtuqgwju00e34gyx7qgzr8dx	requirementsRu	非中国籍公民,符合教育部教外函〔2020〕12号文件要求(父母一方为中国公民或本人从中国大陆/港澳台移民取得外国国籍的,须入籍4年以上且近4年内在国外实际居住2年以上);身心健康;年龄原则上18至30岁(以2026年9月1日为准),未满18周岁须提交监护人保证书。语言要求:中文授课须新HSK4级180分(含)以上,母语为汉语或高中阶段使用汉语授课者经认定可免;英文授课须TOEFL 80+、TOEFL Essential 8+或IELTS 6.0+,母语为英语或上一学历英语授课者经认定可免。申请材料须含CSCA考试成绩;材料评审通过后须参加面试和笔试,CSCA成绩特别优秀者经评审可免面试。另须个人经济能力证明(5000美元或以上)、6个月内体检报告。汉语言专业插班:HSK4级180分以上且学习汉语言一年以上成绩优秀者可申请插入二年级,HSK5级180分以上者可申请插入三年级。学费:中文授课文科20000元/年、理工24000元/年、医学30000元/年;英文授课文科23000元/年、理工28000元/年、医学40000元/年。申请费800元(在线缴纳);医疗保险800-1500元/年(所有留学生必须在校购买);住宿9600-28000元/年;另体检约500元、居留许可400元/年、教材至少500元/年。本科学制四至六年(临床医学中文授课5年、英文授课MBBS6年,口腔医学、预防医学5年)。
cmtuqgwjx00e44gyxt6s2g9n9	requirementsRu	非中国籍公民,符合教育部教外函〔2020〕12号文件要求(父母一方为中国公民或本人从中国大陆/港澳台移民取得外国国籍的,须入籍4年以上且近4年内在国外实际居住2年以上);身心健康;年龄原则上18至30岁(以2026年9月1日为准),未满18周岁须提交监护人保证书。语言要求:中文授课须新HSK4级180分(含)以上,母语为汉语或高中阶段使用汉语授课者经认定可免;英文授课须TOEFL 80+、TOEFL Essential 8+或IELTS 6.0+,母语为英语或上一学历英语授课者经认定可免。申请材料须含CSCA考试成绩;材料评审通过后须参加面试和笔试,CSCA成绩特别优秀者经评审可免面试。另须个人经济能力证明(5000美元或以上)、6个月内体检报告。汉语言专业插班:HSK4级180分以上且学习汉语言一年以上成绩优秀者可申请插入二年级,HSK5级180分以上者可申请插入三年级。学费:中文授课文科20000元/年、理工24000元/年、医学30000元/年;英文授课文科23000元/年、理工28000元/年、医学40000元/年。申请费800元(在线缴纳);医疗保险800-1500元/年(所有留学生必须在校购买);住宿9600-28000元/年;另体检约500元、居留许可400元/年、教材至少500元/年。本科学制四至六年(临床医学中文授课5年、英文授课MBBS6年,口腔医学、预防医学5年)。
cmtuqgwk000e54gyx957ujser	requirementsRu	非中国籍公民,符合教育部教外函〔2020〕12号文件要求(父母一方为中国公民或本人从中国大陆/港澳台移民取得外国国籍的,须入籍4年以上且近4年内在国外实际居住2年以上);身心健康;年龄原则上18至30岁(以2026年9月1日为准),未满18周岁须提交监护人保证书。语言要求:中文授课须新HSK4级180分(含)以上,母语为汉语或高中阶段使用汉语授课者经认定可免;英文授课须TOEFL 80+、TOEFL Essential 8+或IELTS 6.0+,母语为英语或上一学历英语授课者经认定可免。申请材料须含CSCA考试成绩;材料评审通过后须参加面试和笔试,CSCA成绩特别优秀者经评审可免面试。另须个人经济能力证明(5000美元或以上)、6个月内体检报告。汉语言专业插班:HSK4级180分以上且学习汉语言一年以上成绩优秀者可申请插入二年级,HSK5级180分以上者可申请插入三年级。学费:中文授课文科20000元/年、理工24000元/年、医学30000元/年;英文授课文科23000元/年、理工28000元/年、医学40000元/年。申请费800元(在线缴纳);医疗保险800-1500元/年(所有留学生必须在校购买);住宿9600-28000元/年;另体检约500元、居留许可400元/年、教材至少500元/年。本科学制四至六年(临床医学中文授课5年、英文授课MBBS6年,口腔医学、预防医学5年)。
cmtuqgwk400e64gyxngcee484	requirementsRu	非中国籍公民,符合教育部教外函〔2020〕12号文件要求(父母一方为中国公民或本人从中国大陆/港澳台移民取得外国国籍的,须入籍4年以上且近4年内在国外实际居住2年以上);身心健康;年龄原则上18至30岁(以2026年9月1日为准),未满18周岁须提交监护人保证书。语言要求:中文授课须新HSK4级180分(含)以上,母语为汉语或高中阶段使用汉语授课者经认定可免;英文授课须TOEFL 80+、TOEFL Essential 8+或IELTS 6.0+,母语为英语或上一学历英语授课者经认定可免。申请材料须含CSCA考试成绩;材料评审通过后须参加面试和笔试,CSCA成绩特别优秀者经评审可免面试。另须个人经济能力证明(5000美元或以上)、6个月内体检报告。汉语言专业插班:HSK4级180分以上且学习汉语言一年以上成绩优秀者可申请插入二年级,HSK5级180分以上者可申请插入三年级。学费:中文授课文科20000元/年、理工24000元/年、医学30000元/年;英文授课文科23000元/年、理工28000元/年、医学40000元/年。申请费800元(在线缴纳);医疗保险800-1500元/年(所有留学生必须在校购买);住宿9600-28000元/年;另体检约500元、居留许可400元/年、教材至少500元/年。本科学制四至六年(临床医学中文授课5年、英文授课MBBS6年,口腔医学、预防医学5年)。
cmtuqgwk700e74gyxiki3ec77	requirementsRu	非中国籍公民,符合教育部教外函〔2020〕12号文件要求(父母一方为中国公民或本人从中国大陆/港澳台移民取得外国国籍的,须入籍4年以上且近4年内在国外实际居住2年以上);身心健康;年龄原则上18至30岁(以2026年9月1日为准),未满18周岁须提交监护人保证书。语言要求:中文授课须新HSK4级180分(含)以上,母语为汉语或高中阶段使用汉语授课者经认定可免;英文授课须TOEFL 80+、TOEFL Essential 8+或IELTS 6.0+,母语为英语或上一学历英语授课者经认定可免。申请材料须含CSCA考试成绩;材料评审通过后须参加面试和笔试,CSCA成绩特别优秀者经评审可免面试。另须个人经济能力证明(5000美元或以上)、6个月内体检报告。汉语言专业插班:HSK4级180分以上且学习汉语言一年以上成绩优秀者可申请插入二年级,HSK5级180分以上者可申请插入三年级。学费:中文授课文科20000元/年、理工24000元/年、医学30000元/年;英文授课文科23000元/年、理工28000元/年、医学40000元/年。申请费800元(在线缴纳);医疗保险800-1500元/年(所有留学生必须在校购买);住宿9600-28000元/年;另体检约500元、居留许可400元/年、教材至少500元/年。本科学制四至六年(临床医学中文授课5年、英文授课MBBS6年,口腔医学、预防医学5年)。
cmtuqgwkb00e84gyxz8njn5u8	requirementsRu	非中国籍公民,符合教育部教外函〔2020〕12号文件要求(父母一方为中国公民或本人从中国大陆/港澳台移民取得外国国籍的,须入籍4年以上且近4年内在国外实际居住2年以上);身心健康;年龄原则上18至30岁(以2026年9月1日为准),未满18周岁须提交监护人保证书。语言要求:中文授课须新HSK4级180分(含)以上,母语为汉语或高中阶段使用汉语授课者经认定可免;英文授课须TOEFL 80+、TOEFL Essential 8+或IELTS 6.0+,母语为英语或上一学历英语授课者经认定可免。申请材料须含CSCA考试成绩;材料评审通过后须参加面试和笔试,CSCA成绩特别优秀者经评审可免面试。另须个人经济能力证明(5000美元或以上)、6个月内体检报告。汉语言专业插班:HSK4级180分以上且学习汉语言一年以上成绩优秀者可申请插入二年级,HSK5级180分以上者可申请插入三年级。学费:中文授课文科20000元/年、理工24000元/年、医学30000元/年;英文授课文科23000元/年、理工28000元/年、医学40000元/年。申请费800元(在线缴纳);医疗保险800-1500元/年(所有留学生必须在校购买);住宿9600-28000元/年;另体检约500元、居留许可400元/年、教材至少500元/年。本科学制四至六年(临床医学中文授课5年、英文授课MBBS6年,口腔医学、预防医学5年)。
cmtuqgwkf00e94gyxflt69myf	requirementsRu	非中国籍公民,符合教育部教外函〔2020〕12号文件要求(父母一方为中国公民或本人从中国大陆/港澳台移民取得外国国籍的,须入籍4年以上且近4年内在国外实际居住2年以上);身心健康;年龄原则上18至30岁(以2026年9月1日为准),未满18周岁须提交监护人保证书。语言要求:中文授课须新HSK4级180分(含)以上,母语为汉语或高中阶段使用汉语授课者经认定可免;英文授课须TOEFL 80+、TOEFL Essential 8+或IELTS 6.0+,母语为英语或上一学历英语授课者经认定可免。申请材料须含CSCA考试成绩;材料评审通过后须参加面试和笔试,CSCA成绩特别优秀者经评审可免面试。另须个人经济能力证明(5000美元或以上)、6个月内体检报告。汉语言专业插班:HSK4级180分以上且学习汉语言一年以上成绩优秀者可申请插入二年级,HSK5级180分以上者可申请插入三年级。学费:中文授课文科20000元/年、理工24000元/年、医学30000元/年;英文授课文科23000元/年、理工28000元/年、医学40000元/年。申请费800元(在线缴纳);医疗保险800-1500元/年(所有留学生必须在校购买);住宿9600-28000元/年;另体检约500元、居留许可400元/年、教材至少500元/年。本科学制四至六年(临床医学中文授课5年、英文授课MBBS6年,口腔医学、预防医学5年)。
cmtuqgwki00ea4gyxtc60fmqu	requirementsRu	非中国籍公民,符合教育部教外函〔2020〕12号文件要求(父母一方为中国公民或本人从中国大陆/港澳台移民取得外国国籍的,须入籍4年以上且近4年内在国外实际居住2年以上);身心健康;年龄原则上18至30岁(以2026年9月1日为准),未满18周岁须提交监护人保证书。语言要求:中文授课须新HSK4级180分(含)以上,母语为汉语或高中阶段使用汉语授课者经认定可免;英文授课须TOEFL 80+、TOEFL Essential 8+或IELTS 6.0+,母语为英语或上一学历英语授课者经认定可免。申请材料须含CSCA考试成绩;材料评审通过后须参加面试和笔试,CSCA成绩特别优秀者经评审可免面试。另须个人经济能力证明(5000美元或以上)、6个月内体检报告。汉语言专业插班:HSK4级180分以上且学习汉语言一年以上成绩优秀者可申请插入二年级,HSK5级180分以上者可申请插入三年级。学费:中文授课文科20000元/年、理工24000元/年、医学30000元/年;英文授课文科23000元/年、理工28000元/年、医学40000元/年。申请费800元(在线缴纳);医疗保险800-1500元/年(所有留学生必须在校购买);住宿9600-28000元/年;另体检约500元、居留许可400元/年、教材至少500元/年。本科学制四至六年(临床医学中文授课5年、英文授课MBBS6年,口腔医学、预防医学5年)。
cmtuqgwmk00eb4gyx5g68io64	requirementsRu	持外国普通护照的非中国籍公民(须符合教育部教外函〔2020〕12号文件规定);25周岁以下,已高中毕业(应届可提供预毕业证明,最迟入学前取得高中毕业证书);身心健康、品学兼优、无违法犯罪记录。语言要求:汉语授课专业须提供HSK成绩报告(各专业最低要求不同,从HSK五级180分到HSK六级220分不等,详见招生专业目录;中等教育阶段必修课程为汉语授课者可凭初高中汉语授课证明免交);英语授课专业须提供TOEFL/IELTS等英语水平证明(母语为英语者无须提供;临床医学/生物医学工程英文轨道要求雅思≥6.0或托福网考≥75等,传播学(全球传播与管理)要求雅思≥6.5或托福≥80)。自2026/2027学年起所有本科申请人均须提供有效的来华留学本科入学学业水平测试(CSCA)成绩单,各专业考试科目(文科/理科中文、数学、物理、化学)及试卷语种见招生专业目录(汉语授课专业考中文试卷,英语授课专业考英语试卷)。申请期2025年12月1日至2026年2月28日;部分专业(汉语言(国际学生)及全部英语授课专业)截止2026年5月31日。须缴纳申请费800元,未缴费申请无效。
cmtuqgwmp00ec4gyx00oqdgun	requirementsRu	持外国普通护照的非中国籍公民(须符合教育部教外函〔2020〕12号文件规定);25周岁以下,已高中毕业(应届可提供预毕业证明,最迟入学前取得高中毕业证书);身心健康、品学兼优、无违法犯罪记录。语言要求:汉语授课专业须提供HSK成绩报告(各专业最低要求不同,从HSK五级180分到HSK六级220分不等,详见招生专业目录;中等教育阶段必修课程为汉语授课者可凭初高中汉语授课证明免交);英语授课专业须提供TOEFL/IELTS等英语水平证明(母语为英语者无须提供;临床医学/生物医学工程英文轨道要求雅思≥6.0或托福网考≥75等,传播学(全球传播与管理)要求雅思≥6.5或托福≥80)。自2026/2027学年起所有本科申请人均须提供有效的来华留学本科入学学业水平测试(CSCA)成绩单,各专业考试科目(文科/理科中文、数学、物理、化学)及试卷语种见招生专业目录(汉语授课专业考中文试卷,英语授课专业考英语试卷)。申请期2025年12月1日至2026年2月28日;部分专业(汉语言(国际学生)及全部英语授课专业)截止2026年5月31日。须缴纳申请费800元,未缴费申请无效。
cmtuqgwms00ed4gyxfebm4bad	requirementsRu	持外国普通护照的非中国籍公民(须符合教育部教外函〔2020〕12号文件规定);25周岁以下,已高中毕业(应届可提供预毕业证明,最迟入学前取得高中毕业证书);身心健康、品学兼优、无违法犯罪记录。语言要求:汉语授课专业须提供HSK成绩报告(各专业最低要求不同,从HSK五级180分到HSK六级220分不等,详见招生专业目录;中等教育阶段必修课程为汉语授课者可凭初高中汉语授课证明免交);英语授课专业须提供TOEFL/IELTS等英语水平证明(母语为英语者无须提供;临床医学/生物医学工程英文轨道要求雅思≥6.0或托福网考≥75等,传播学(全球传播与管理)要求雅思≥6.5或托福≥80)。自2026/2027学年起所有本科申请人均须提供有效的来华留学本科入学学业水平测试(CSCA)成绩单,各专业考试科目(文科/理科中文、数学、物理、化学)及试卷语种见招生专业目录(汉语授课专业考中文试卷,英语授课专业考英语试卷)。申请期2025年12月1日至2026年2月28日;部分专业(汉语言(国际学生)及全部英语授课专业)截止2026年5月31日。须缴纳申请费800元,未缴费申请无效。
cmtuqgwmw00ee4gyxy4s01mgq	requirementsRu	持外国普通护照的非中国籍公民(须符合教育部教外函〔2020〕12号文件规定);25周岁以下,已高中毕业(应届可提供预毕业证明,最迟入学前取得高中毕业证书);身心健康、品学兼优、无违法犯罪记录。语言要求:汉语授课专业须提供HSK成绩报告(各专业最低要求不同,从HSK五级180分到HSK六级220分不等,详见招生专业目录;中等教育阶段必修课程为汉语授课者可凭初高中汉语授课证明免交);英语授课专业须提供TOEFL/IELTS等英语水平证明(母语为英语者无须提供;临床医学/生物医学工程英文轨道要求雅思≥6.0或托福网考≥75等,传播学(全球传播与管理)要求雅思≥6.5或托福≥80)。自2026/2027学年起所有本科申请人均须提供有效的来华留学本科入学学业水平测试(CSCA)成绩单,各专业考试科目(文科/理科中文、数学、物理、化学)及试卷语种见招生专业目录(汉语授课专业考中文试卷,英语授课专业考英语试卷)。申请期2025年12月1日至2026年2月28日;部分专业(汉语言(国际学生)及全部英语授课专业)截止2026年5月31日。须缴纳申请费800元,未缴费申请无效。
cmtuqgwmz00ef4gyxqhml73fc	requirementsRu	持外国普通护照的非中国籍公民(须符合教育部教外函〔2020〕12号文件规定);25周岁以下,已高中毕业(应届可提供预毕业证明,最迟入学前取得高中毕业证书);身心健康、品学兼优、无违法犯罪记录。语言要求:汉语授课专业须提供HSK成绩报告(各专业最低要求不同,从HSK五级180分到HSK六级220分不等,详见招生专业目录;中等教育阶段必修课程为汉语授课者可凭初高中汉语授课证明免交);英语授课专业须提供TOEFL/IELTS等英语水平证明(母语为英语者无须提供;临床医学/生物医学工程英文轨道要求雅思≥6.0或托福网考≥75等,传播学(全球传播与管理)要求雅思≥6.5或托福≥80)。自2026/2027学年起所有本科申请人均须提供有效的来华留学本科入学学业水平测试(CSCA)成绩单,各专业考试科目(文科/理科中文、数学、物理、化学)及试卷语种见招生专业目录(汉语授课专业考中文试卷,英语授课专业考英语试卷)。申请期2025年12月1日至2026年2月28日;部分专业(汉语言(国际学生)及全部英语授课专业)截止2026年5月31日。须缴纳申请费800元,未缴费申请无效。
cmtuqgwn300eg4gyxptxll8wq	requirementsRu	持外国普通护照的非中国籍公民(须符合教育部教外函〔2020〕12号文件规定);25周岁以下,已高中毕业(应届可提供预毕业证明,最迟入学前取得高中毕业证书);身心健康、品学兼优、无违法犯罪记录。语言要求:汉语授课专业须提供HSK成绩报告(各专业最低要求不同,从HSK五级180分到HSK六级220分不等,详见招生专业目录;中等教育阶段必修课程为汉语授课者可凭初高中汉语授课证明免交);英语授课专业须提供TOEFL/IELTS等英语水平证明(母语为英语者无须提供;临床医学/生物医学工程英文轨道要求雅思≥6.0或托福网考≥75等,传播学(全球传播与管理)要求雅思≥6.5或托福≥80)。自2026/2027学年起所有本科申请人均须提供有效的来华留学本科入学学业水平测试(CSCA)成绩单,各专业考试科目(文科/理科中文、数学、物理、化学)及试卷语种见招生专业目录(汉语授课专业考中文试卷,英语授课专业考英语试卷)。申请期2025年12月1日至2026年2月28日;部分专业(汉语言(国际学生)及全部英语授课专业)截止2026年5月31日。须缴纳申请费800元,未缴费申请无效。
cmtuqgwn600eh4gyx2xzkbopa	requirementsRu	持外国普通护照的非中国籍公民(须符合教育部教外函〔2020〕12号文件规定);25周岁以下,已高中毕业(应届可提供预毕业证明,最迟入学前取得高中毕业证书);身心健康、品学兼优、无违法犯罪记录。语言要求:汉语授课专业须提供HSK成绩报告(各专业最低要求不同,从HSK五级180分到HSK六级220分不等,详见招生专业目录;中等教育阶段必修课程为汉语授课者可凭初高中汉语授课证明免交);英语授课专业须提供TOEFL/IELTS等英语水平证明(母语为英语者无须提供;临床医学/生物医学工程英文轨道要求雅思≥6.0或托福网考≥75等,传播学(全球传播与管理)要求雅思≥6.5或托福≥80)。自2026/2027学年起所有本科申请人均须提供有效的来华留学本科入学学业水平测试(CSCA)成绩单,各专业考试科目(文科/理科中文、数学、物理、化学)及试卷语种见招生专业目录(汉语授课专业考中文试卷,英语授课专业考英语试卷)。申请期2025年12月1日至2026年2月28日;部分专业(汉语言(国际学生)及全部英语授课专业)截止2026年5月31日。须缴纳申请费800元,未缴费申请无效。
cmtuqgwn900ei4gyx1asbxgke	requirementsRu	持外国普通护照的非中国籍公民(须符合教育部教外函〔2020〕12号文件规定);25周岁以下,已高中毕业(应届可提供预毕业证明,最迟入学前取得高中毕业证书);身心健康、品学兼优、无违法犯罪记录。语言要求:汉语授课专业须提供HSK成绩报告(各专业最低要求不同,从HSK五级180分到HSK六级220分不等,详见招生专业目录;中等教育阶段必修课程为汉语授课者可凭初高中汉语授课证明免交);英语授课专业须提供TOEFL/IELTS等英语水平证明(母语为英语者无须提供;临床医学/生物医学工程英文轨道要求雅思≥6.0或托福网考≥75等,传播学(全球传播与管理)要求雅思≥6.5或托福≥80)。自2026/2027学年起所有本科申请人均须提供有效的来华留学本科入学学业水平测试(CSCA)成绩单,各专业考试科目(文科/理科中文、数学、物理、化学)及试卷语种见招生专业目录(汉语授课专业考中文试卷,英语授课专业考英语试卷)。申请期2025年12月1日至2026年2月28日;部分专业(汉语言(国际学生)及全部英语授课专业)截止2026年5月31日。须缴纳申请费800元,未缴费申请无效。
cmtuqgwnc00ej4gyxoho3brhp	requirementsRu	持外国普通护照的非中国籍公民(须符合教育部教外函〔2020〕12号文件规定);25周岁以下,已高中毕业(应届可提供预毕业证明,最迟入学前取得高中毕业证书);身心健康、品学兼优、无违法犯罪记录。语言要求:汉语授课专业须提供HSK成绩报告(各专业最低要求不同,从HSK五级180分到HSK六级220分不等,详见招生专业目录;中等教育阶段必修课程为汉语授课者可凭初高中汉语授课证明免交);英语授课专业须提供TOEFL/IELTS等英语水平证明(母语为英语者无须提供;临床医学/生物医学工程英文轨道要求雅思≥6.0或托福网考≥75等,传播学(全球传播与管理)要求雅思≥6.5或托福≥80)。自2026/2027学年起所有本科申请人均须提供有效的来华留学本科入学学业水平测试(CSCA)成绩单,各专业考试科目(文科/理科中文、数学、物理、化学)及试卷语种见招生专业目录(汉语授课专业考中文试卷,英语授课专业考英语试卷)。申请期2025年12月1日至2026年2月28日;部分专业(汉语言(国际学生)及全部英语授课专业)截止2026年5月31日。须缴纳申请费800元,未缴费申请无效。
cmtuqgwnf00ek4gyxtc8gavn0	requirementsRu	持外国普通护照的非中国籍公民(须符合教育部教外函〔2020〕12号文件规定);25周岁以下,已高中毕业(应届可提供预毕业证明,最迟入学前取得高中毕业证书);身心健康、品学兼优、无违法犯罪记录。语言要求:汉语授课专业须提供HSK成绩报告(各专业最低要求不同,从HSK五级180分到HSK六级220分不等,详见招生专业目录;中等教育阶段必修课程为汉语授课者可凭初高中汉语授课证明免交);英语授课专业须提供TOEFL/IELTS等英语水平证明(母语为英语者无须提供;临床医学/生物医学工程英文轨道要求雅思≥6.0或托福网考≥75等,传播学(全球传播与管理)要求雅思≥6.5或托福≥80)。自2026/2027学年起所有本科申请人均须提供有效的来华留学本科入学学业水平测试(CSCA)成绩单,各专业考试科目(文科/理科中文、数学、物理、化学)及试卷语种见招生专业目录(汉语授课专业考中文试卷,英语授课专业考英语试卷)。申请期2025年12月1日至2026年2月28日;部分专业(汉语言(国际学生)及全部英语授课专业)截止2026年5月31日。须缴纳申请费800元,未缴费申请无效。
cmtuqgwnj00el4gyxan99akxf	requirementsRu	持外国普通护照的非中国籍公民(须符合教育部教外函〔2020〕12号文件规定);25周岁以下,已高中毕业(应届可提供预毕业证明,最迟入学前取得高中毕业证书);身心健康、品学兼优、无违法犯罪记录。语言要求:汉语授课专业须提供HSK成绩报告(各专业最低要求不同,从HSK五级180分到HSK六级220分不等,详见招生专业目录;中等教育阶段必修课程为汉语授课者可凭初高中汉语授课证明免交);英语授课专业须提供TOEFL/IELTS等英语水平证明(母语为英语者无须提供;临床医学/生物医学工程英文轨道要求雅思≥6.0或托福网考≥75等,传播学(全球传播与管理)要求雅思≥6.5或托福≥80)。自2026/2027学年起所有本科申请人均须提供有效的来华留学本科入学学业水平测试(CSCA)成绩单,各专业考试科目(文科/理科中文、数学、物理、化学)及试卷语种见招生专业目录(汉语授课专业考中文试卷,英语授课专业考英语试卷)。申请期2025年12月1日至2026年2月28日;部分专业(汉语言(国际学生)及全部英语授课专业)截止2026年5月31日。须缴纳申请费800元,未缴费申请无效。
cmtuqgwnn00em4gyxvqi7x26j	requirementsRu	持外国普通护照的非中国籍公民(须符合教育部教外函〔2020〕12号文件规定);25周岁以下,已高中毕业(应届可提供预毕业证明,最迟入学前取得高中毕业证书);身心健康、品学兼优、无违法犯罪记录。语言要求:汉语授课专业须提供HSK成绩报告(各专业最低要求不同,从HSK五级180分到HSK六级220分不等,详见招生专业目录;中等教育阶段必修课程为汉语授课者可凭初高中汉语授课证明免交);英语授课专业须提供TOEFL/IELTS等英语水平证明(母语为英语者无须提供;临床医学/生物医学工程英文轨道要求雅思≥6.0或托福网考≥75等,传播学(全球传播与管理)要求雅思≥6.5或托福≥80)。自2026/2027学年起所有本科申请人均须提供有效的来华留学本科入学学业水平测试(CSCA)成绩单,各专业考试科目(文科/理科中文、数学、物理、化学)及试卷语种见招生专业目录(汉语授课专业考中文试卷,英语授课专业考英语试卷)。申请期2025年12月1日至2026年2月28日;部分专业(汉语言(国际学生)及全部英语授课专业)截止2026年5月31日。须缴纳申请费800元,未缴费申请无效。
cmtuqgwnq00en4gyx7esp4b4g	requirementsRu	持外国普通护照的非中国籍公民(须符合教育部教外函〔2020〕12号文件规定);25周岁以下,已高中毕业(应届可提供预毕业证明,最迟入学前取得高中毕业证书);身心健康、品学兼优、无违法犯罪记录。语言要求:汉语授课专业须提供HSK成绩报告(各专业最低要求不同,从HSK五级180分到HSK六级220分不等,详见招生专业目录;中等教育阶段必修课程为汉语授课者可凭初高中汉语授课证明免交);英语授课专业须提供TOEFL/IELTS等英语水平证明(母语为英语者无须提供;临床医学/生物医学工程英文轨道要求雅思≥6.0或托福网考≥75等,传播学(全球传播与管理)要求雅思≥6.5或托福≥80)。自2026/2027学年起所有本科申请人均须提供有效的来华留学本科入学学业水平测试(CSCA)成绩单,各专业考试科目(文科/理科中文、数学、物理、化学)及试卷语种见招生专业目录(汉语授课专业考中文试卷,英语授课专业考英语试卷)。申请期2025年12月1日至2026年2月28日;部分专业(汉语言(国际学生)及全部英语授课专业)截止2026年5月31日。须缴纳申请费800元,未缴费申请无效。
cmtuqgwnt00eo4gyx1dkqvz38	requirementsRu	持外国普通护照的非中国籍公民(须符合教育部教外函〔2020〕12号文件规定);25周岁以下,已高中毕业(应届可提供预毕业证明,最迟入学前取得高中毕业证书);身心健康、品学兼优、无违法犯罪记录。语言要求:汉语授课专业须提供HSK成绩报告(各专业最低要求不同,从HSK五级180分到HSK六级220分不等,详见招生专业目录;中等教育阶段必修课程为汉语授课者可凭初高中汉语授课证明免交);英语授课专业须提供TOEFL/IELTS等英语水平证明(母语为英语者无须提供;临床医学/生物医学工程英文轨道要求雅思≥6.0或托福网考≥75等,传播学(全球传播与管理)要求雅思≥6.5或托福≥80)。自2026/2027学年起所有本科申请人均须提供有效的来华留学本科入学学业水平测试(CSCA)成绩单,各专业考试科目(文科/理科中文、数学、物理、化学)及试卷语种见招生专业目录(汉语授课专业考中文试卷,英语授课专业考英语试卷)。申请期2025年12月1日至2026年2月28日;部分专业(汉语言(国际学生)及全部英语授课专业)截止2026年5月31日。须缴纳申请费800元,未缴费申请无效。
cmtuqgwnx00ep4gyxn1ae1fdk	requirementsRu	持外国普通护照的非中国籍公民(须符合教育部教外函〔2020〕12号文件规定);25周岁以下,已高中毕业(应届可提供预毕业证明,最迟入学前取得高中毕业证书);身心健康、品学兼优、无违法犯罪记录。语言要求:汉语授课专业须提供HSK成绩报告(各专业最低要求不同,从HSK五级180分到HSK六级220分不等,详见招生专业目录;中等教育阶段必修课程为汉语授课者可凭初高中汉语授课证明免交);英语授课专业须提供TOEFL/IELTS等英语水平证明(母语为英语者无须提供;临床医学/生物医学工程英文轨道要求雅思≥6.0或托福网考≥75等,传播学(全球传播与管理)要求雅思≥6.5或托福≥80)。自2026/2027学年起所有本科申请人均须提供有效的来华留学本科入学学业水平测试(CSCA)成绩单,各专业考试科目(文科/理科中文、数学、物理、化学)及试卷语种见招生专业目录(汉语授课专业考中文试卷,英语授课专业考英语试卷)。申请期2025年12月1日至2026年2月28日;部分专业(汉语言(国际学生)及全部英语授课专业)截止2026年5月31日。须缴纳申请费800元,未缴费申请无效。
cmtuqgwo100eq4gyxadmn1kzw	requirementsRu	持外国普通护照的非中国籍公民(须符合教育部教外函〔2020〕12号文件规定);25周岁以下,已高中毕业(应届可提供预毕业证明,最迟入学前取得高中毕业证书);身心健康、品学兼优、无违法犯罪记录。语言要求:汉语授课专业须提供HSK成绩报告(各专业最低要求不同,从HSK五级180分到HSK六级220分不等,详见招生专业目录;中等教育阶段必修课程为汉语授课者可凭初高中汉语授课证明免交);英语授课专业须提供TOEFL/IELTS等英语水平证明(母语为英语者无须提供;临床医学/生物医学工程英文轨道要求雅思≥6.0或托福网考≥75等,传播学(全球传播与管理)要求雅思≥6.5或托福≥80)。自2026/2027学年起所有本科申请人均须提供有效的来华留学本科入学学业水平测试(CSCA)成绩单,各专业考试科目(文科/理科中文、数学、物理、化学)及试卷语种见招生专业目录(汉语授课专业考中文试卷,英语授课专业考英语试卷)。申请期2025年12月1日至2026年2月28日;部分专业(汉语言(国际学生)及全部英语授课专业)截止2026年5月31日。须缴纳申请费800元,未缴费申请无效。
cmtuqgwo400er4gyxsgbs32f7	requirementsRu	持外国普通护照的非中国籍公民(须符合教育部教外函〔2020〕12号文件规定);25周岁以下,已高中毕业(应届可提供预毕业证明,最迟入学前取得高中毕业证书);身心健康、品学兼优、无违法犯罪记录。语言要求:汉语授课专业须提供HSK成绩报告(各专业最低要求不同,从HSK五级180分到HSK六级220分不等,详见招生专业目录;中等教育阶段必修课程为汉语授课者可凭初高中汉语授课证明免交);英语授课专业须提供TOEFL/IELTS等英语水平证明(母语为英语者无须提供;临床医学/生物医学工程英文轨道要求雅思≥6.0或托福网考≥75等,传播学(全球传播与管理)要求雅思≥6.5或托福≥80)。自2026/2027学年起所有本科申请人均须提供有效的来华留学本科入学学业水平测试(CSCA)成绩单,各专业考试科目(文科/理科中文、数学、物理、化学)及试卷语种见招生专业目录(汉语授课专业考中文试卷,英语授课专业考英语试卷)。申请期2025年12月1日至2026年2月28日;部分专业(汉语言(国际学生)及全部英语授课专业)截止2026年5月31日。须缴纳申请费800元,未缴费申请无效。
cmtuqgwo700es4gyxig9vrtbo	requirementsRu	持外国普通护照的非中国籍公民(须符合教育部教外函〔2020〕12号文件规定);25周岁以下,已高中毕业(应届可提供预毕业证明,最迟入学前取得高中毕业证书);身心健康、品学兼优、无违法犯罪记录。语言要求:汉语授课专业须提供HSK成绩报告(各专业最低要求不同,从HSK五级180分到HSK六级220分不等,详见招生专业目录;中等教育阶段必修课程为汉语授课者可凭初高中汉语授课证明免交);英语授课专业须提供TOEFL/IELTS等英语水平证明(母语为英语者无须提供;临床医学/生物医学工程英文轨道要求雅思≥6.0或托福网考≥75等,传播学(全球传播与管理)要求雅思≥6.5或托福≥80)。自2026/2027学年起所有本科申请人均须提供有效的来华留学本科入学学业水平测试(CSCA)成绩单,各专业考试科目(文科/理科中文、数学、物理、化学)及试卷语种见招生专业目录(汉语授课专业考中文试卷,英语授课专业考英语试卷)。申请期2025年12月1日至2026年2月28日;部分专业(汉语言(国际学生)及全部英语授课专业)截止2026年5月31日。须缴纳申请费800元,未缴费申请无效。
cmtuqgwob00et4gyxhy3r1af1	requirementsRu	持外国普通护照的非中国籍公民(须符合教育部教外函〔2020〕12号文件规定);25周岁以下,已高中毕业(应届可提供预毕业证明,最迟入学前取得高中毕业证书);身心健康、品学兼优、无违法犯罪记录。语言要求:汉语授课专业须提供HSK成绩报告(各专业最低要求不同,从HSK五级180分到HSK六级220分不等,详见招生专业目录;中等教育阶段必修课程为汉语授课者可凭初高中汉语授课证明免交);英语授课专业须提供TOEFL/IELTS等英语水平证明(母语为英语者无须提供;临床医学/生物医学工程英文轨道要求雅思≥6.0或托福网考≥75等,传播学(全球传播与管理)要求雅思≥6.5或托福≥80)。自2026/2027学年起所有本科申请人均须提供有效的来华留学本科入学学业水平测试(CSCA)成绩单,各专业考试科目(文科/理科中文、数学、物理、化学)及试卷语种见招生专业目录(汉语授课专业考中文试卷,英语授课专业考英语试卷)。申请期2025年12月1日至2026年2月28日;部分专业(汉语言(国际学生)及全部英语授课专业)截止2026年5月31日。须缴纳申请费800元,未缴费申请无效。
cmtuqgwof00eu4gyx14peyeqz	requirementsRu	持外国普通护照的非中国籍公民(须符合教育部教外函〔2020〕12号文件规定);25周岁以下,已高中毕业(应届可提供预毕业证明,最迟入学前取得高中毕业证书);身心健康、品学兼优、无违法犯罪记录。语言要求:汉语授课专业须提供HSK成绩报告(各专业最低要求不同,从HSK五级180分到HSK六级220分不等,详见招生专业目录;中等教育阶段必修课程为汉语授课者可凭初高中汉语授课证明免交);英语授课专业须提供TOEFL/IELTS等英语水平证明(母语为英语者无须提供;临床医学/生物医学工程英文轨道要求雅思≥6.0或托福网考≥75等,传播学(全球传播与管理)要求雅思≥6.5或托福≥80)。自2026/2027学年起所有本科申请人均须提供有效的来华留学本科入学学业水平测试(CSCA)成绩单,各专业考试科目(文科/理科中文、数学、物理、化学)及试卷语种见招生专业目录(汉语授课专业考中文试卷,英语授课专业考英语试卷)。申请期2025年12月1日至2026年2月28日;部分专业(汉语言(国际学生)及全部英语授课专业)截止2026年5月31日。须缴纳申请费800元,未缴费申请无效。
cmtuqgwoi00ev4gyxt9t04nhy	requirementsRu	持外国普通护照的非中国籍公民(须符合教育部教外函〔2020〕12号文件规定);25周岁以下,已高中毕业(应届可提供预毕业证明,最迟入学前取得高中毕业证书);身心健康、品学兼优、无违法犯罪记录。语言要求:汉语授课专业须提供HSK成绩报告(各专业最低要求不同,从HSK五级180分到HSK六级220分不等,详见招生专业目录;中等教育阶段必修课程为汉语授课者可凭初高中汉语授课证明免交);英语授课专业须提供TOEFL/IELTS等英语水平证明(母语为英语者无须提供;临床医学/生物医学工程英文轨道要求雅思≥6.0或托福网考≥75等,传播学(全球传播与管理)要求雅思≥6.5或托福≥80)。自2026/2027学年起所有本科申请人均须提供有效的来华留学本科入学学业水平测试(CSCA)成绩单,各专业考试科目(文科/理科中文、数学、物理、化学)及试卷语种见招生专业目录(汉语授课专业考中文试卷,英语授课专业考英语试卷)。申请期2025年12月1日至2026年2月28日;部分专业(汉语言(国际学生)及全部英语授课专业)截止2026年5月31日。须缴纳申请费800元,未缴费申请无效。
cmtuqgwol00ew4gyxmlh4o8xa	requirementsRu	持外国普通护照的非中国籍公民(须符合教育部教外函〔2020〕12号文件规定);25周岁以下,已高中毕业(应届可提供预毕业证明,最迟入学前取得高中毕业证书);身心健康、品学兼优、无违法犯罪记录。语言要求:汉语授课专业须提供HSK成绩报告(各专业最低要求不同,从HSK五级180分到HSK六级220分不等,详见招生专业目录;中等教育阶段必修课程为汉语授课者可凭初高中汉语授课证明免交);英语授课专业须提供TOEFL/IELTS等英语水平证明(母语为英语者无须提供;临床医学/生物医学工程英文轨道要求雅思≥6.0或托福网考≥75等,传播学(全球传播与管理)要求雅思≥6.5或托福≥80)。自2026/2027学年起所有本科申请人均须提供有效的来华留学本科入学学业水平测试(CSCA)成绩单,各专业考试科目(文科/理科中文、数学、物理、化学)及试卷语种见招生专业目录(汉语授课专业考中文试卷,英语授课专业考英语试卷)。申请期2025年12月1日至2026年2月28日;部分专业(汉语言(国际学生)及全部英语授课专业)截止2026年5月31日。须缴纳申请费800元,未缴费申请无效。
cmtuqgwop00ex4gyxxxesmlcx	requirementsRu	持外国普通护照的非中国籍公民(须符合教育部教外函〔2020〕12号文件规定);25周岁以下,已高中毕业(应届可提供预毕业证明,最迟入学前取得高中毕业证书);身心健康、品学兼优、无违法犯罪记录。语言要求:汉语授课专业须提供HSK成绩报告(各专业最低要求不同,从HSK五级180分到HSK六级220分不等,详见招生专业目录;中等教育阶段必修课程为汉语授课者可凭初高中汉语授课证明免交);英语授课专业须提供TOEFL/IELTS等英语水平证明(母语为英语者无须提供;临床医学/生物医学工程英文轨道要求雅思≥6.0或托福网考≥75等,传播学(全球传播与管理)要求雅思≥6.5或托福≥80)。自2026/2027学年起所有本科申请人均须提供有效的来华留学本科入学学业水平测试(CSCA)成绩单,各专业考试科目(文科/理科中文、数学、物理、化学)及试卷语种见招生专业目录(汉语授课专业考中文试卷,英语授课专业考英语试卷)。申请期2025年12月1日至2026年2月28日;部分专业(汉语言(国际学生)及全部英语授课专业)截止2026年5月31日。须缴纳申请费800元,未缴费申请无效。
cmtuqgwot00ey4gyxw8c0cnl0	requirementsRu	持外国普通护照的非中国籍公民(须符合教育部教外函〔2020〕12号文件规定);25周岁以下,已高中毕业(应届可提供预毕业证明,最迟入学前取得高中毕业证书);身心健康、品学兼优、无违法犯罪记录。语言要求:汉语授课专业须提供HSK成绩报告(各专业最低要求不同,从HSK五级180分到HSK六级220分不等,详见招生专业目录;中等教育阶段必修课程为汉语授课者可凭初高中汉语授课证明免交);英语授课专业须提供TOEFL/IELTS等英语水平证明(母语为英语者无须提供;临床医学/生物医学工程英文轨道要求雅思≥6.0或托福网考≥75等,传播学(全球传播与管理)要求雅思≥6.5或托福≥80)。自2026/2027学年起所有本科申请人均须提供有效的来华留学本科入学学业水平测试(CSCA)成绩单,各专业考试科目(文科/理科中文、数学、物理、化学)及试卷语种见招生专业目录(汉语授课专业考中文试卷,英语授课专业考英语试卷)。申请期2025年12月1日至2026年2月28日;部分专业(汉语言(国际学生)及全部英语授课专业)截止2026年5月31日。须缴纳申请费800元,未缴费申请无效。
cmtuqgwow00ez4gyxcuipof5i	requirementsRu	持外国普通护照的非中国籍公民(须符合教育部教外函〔2020〕12号文件规定);25周岁以下,已高中毕业(应届可提供预毕业证明,最迟入学前取得高中毕业证书);身心健康、品学兼优、无违法犯罪记录。语言要求:汉语授课专业须提供HSK成绩报告(各专业最低要求不同,从HSK五级180分到HSK六级220分不等,详见招生专业目录;中等教育阶段必修课程为汉语授课者可凭初高中汉语授课证明免交);英语授课专业须提供TOEFL/IELTS等英语水平证明(母语为英语者无须提供;临床医学/生物医学工程英文轨道要求雅思≥6.0或托福网考≥75等,传播学(全球传播与管理)要求雅思≥6.5或托福≥80)。自2026/2027学年起所有本科申请人均须提供有效的来华留学本科入学学业水平测试(CSCA)成绩单,各专业考试科目(文科/理科中文、数学、物理、化学)及试卷语种见招生专业目录(汉语授课专业考中文试卷,英语授课专业考英语试卷)。申请期2025年12月1日至2026年2月28日;部分专业(汉语言(国际学生)及全部英语授课专业)截止2026年5月31日。须缴纳申请费800元,未缴费申请无效。
cmtuqgwp000f04gyxjj07yeqi	requirementsRu	持外国普通护照的非中国籍公民(须符合教育部教外函〔2020〕12号文件规定);25周岁以下,已高中毕业(应届可提供预毕业证明,最迟入学前取得高中毕业证书);身心健康、品学兼优、无违法犯罪记录。语言要求:汉语授课专业须提供HSK成绩报告(各专业最低要求不同,从HSK五级180分到HSK六级220分不等,详见招生专业目录;中等教育阶段必修课程为汉语授课者可凭初高中汉语授课证明免交);英语授课专业须提供TOEFL/IELTS等英语水平证明(母语为英语者无须提供;临床医学/生物医学工程英文轨道要求雅思≥6.0或托福网考≥75等,传播学(全球传播与管理)要求雅思≥6.5或托福≥80)。自2026/2027学年起所有本科申请人均须提供有效的来华留学本科入学学业水平测试(CSCA)成绩单,各专业考试科目(文科/理科中文、数学、物理、化学)及试卷语种见招生专业目录(汉语授课专业考中文试卷,英语授课专业考英语试卷)。申请期2025年12月1日至2026年2月28日;部分专业(汉语言(国际学生)及全部英语授课专业)截止2026年5月31日。须缴纳申请费800元,未缴费申请无效。
cmtuqgwp400f14gyxhw5zo845	requirementsRu	持外国普通护照的非中国籍公民(须符合教育部教外函〔2020〕12号文件规定);25周岁以下,已高中毕业(应届可提供预毕业证明,最迟入学前取得高中毕业证书);身心健康、品学兼优、无违法犯罪记录。语言要求:汉语授课专业须提供HSK成绩报告(各专业最低要求不同,从HSK五级180分到HSK六级220分不等,详见招生专业目录;中等教育阶段必修课程为汉语授课者可凭初高中汉语授课证明免交);英语授课专业须提供TOEFL/IELTS等英语水平证明(母语为英语者无须提供;临床医学/生物医学工程英文轨道要求雅思≥6.0或托福网考≥75等,传播学(全球传播与管理)要求雅思≥6.5或托福≥80)。自2026/2027学年起所有本科申请人均须提供有效的来华留学本科入学学业水平测试(CSCA)成绩单,各专业考试科目(文科/理科中文、数学、物理、化学)及试卷语种见招生专业目录(汉语授课专业考中文试卷,英语授课专业考英语试卷)。申请期2025年12月1日至2026年2月28日;部分专业(汉语言(国际学生)及全部英语授课专业)截止2026年5月31日。须缴纳申请费800元,未缴费申请无效。
cmtuqgwp800f24gyxpwf7zb7b	requirementsRu	持外国普通护照的非中国籍公民(须符合教育部教外函〔2020〕12号文件规定);25周岁以下,已高中毕业(应届可提供预毕业证明,最迟入学前取得高中毕业证书);身心健康、品学兼优、无违法犯罪记录。语言要求:汉语授课专业须提供HSK成绩报告(各专业最低要求不同,从HSK五级180分到HSK六级220分不等,详见招生专业目录;中等教育阶段必修课程为汉语授课者可凭初高中汉语授课证明免交);英语授课专业须提供TOEFL/IELTS等英语水平证明(母语为英语者无须提供;临床医学/生物医学工程英文轨道要求雅思≥6.0或托福网考≥75等,传播学(全球传播与管理)要求雅思≥6.5或托福≥80)。自2026/2027学年起所有本科申请人均须提供有效的来华留学本科入学学业水平测试(CSCA)成绩单,各专业考试科目(文科/理科中文、数学、物理、化学)及试卷语种见招生专业目录(汉语授课专业考中文试卷,英语授课专业考英语试卷)。申请期2025年12月1日至2026年2月28日;部分专业(汉语言(国际学生)及全部英语授课专业)截止2026年5月31日。须缴纳申请费800元,未缴费申请无效。
cmtuqgwpb00f34gyxpy1lefvz	requirementsRu	持外国普通护照的非中国籍公民(须符合教育部教外函〔2020〕12号文件规定);25周岁以下,已高中毕业(应届可提供预毕业证明,最迟入学前取得高中毕业证书);身心健康、品学兼优、无违法犯罪记录。语言要求:汉语授课专业须提供HSK成绩报告(各专业最低要求不同,从HSK五级180分到HSK六级220分不等,详见招生专业目录;中等教育阶段必修课程为汉语授课者可凭初高中汉语授课证明免交);英语授课专业须提供TOEFL/IELTS等英语水平证明(母语为英语者无须提供;临床医学/生物医学工程英文轨道要求雅思≥6.0或托福网考≥75等,传播学(全球传播与管理)要求雅思≥6.5或托福≥80)。自2026/2027学年起所有本科申请人均须提供有效的来华留学本科入学学业水平测试(CSCA)成绩单,各专业考试科目(文科/理科中文、数学、物理、化学)及试卷语种见招生专业目录(汉语授课专业考中文试卷,英语授课专业考英语试卷)。申请期2025年12月1日至2026年2月28日;部分专业(汉语言(国际学生)及全部英语授课专业)截止2026年5月31日。须缴纳申请费800元,未缴费申请无效。
cmtuqgwpf00f44gyxf7n7wtn2	requirementsRu	持外国普通护照的非中国籍公民(须符合教育部教外函〔2020〕12号文件规定);25周岁以下,已高中毕业(应届可提供预毕业证明,最迟入学前取得高中毕业证书);身心健康、品学兼优、无违法犯罪记录。语言要求:汉语授课专业须提供HSK成绩报告(各专业最低要求不同,从HSK五级180分到HSK六级220分不等,详见招生专业目录;中等教育阶段必修课程为汉语授课者可凭初高中汉语授课证明免交);英语授课专业须提供TOEFL/IELTS等英语水平证明(母语为英语者无须提供;临床医学/生物医学工程英文轨道要求雅思≥6.0或托福网考≥75等,传播学(全球传播与管理)要求雅思≥6.5或托福≥80)。自2026/2027学年起所有本科申请人均须提供有效的来华留学本科入学学业水平测试(CSCA)成绩单,各专业考试科目(文科/理科中文、数学、物理、化学)及试卷语种见招生专业目录(汉语授课专业考中文试卷,英语授课专业考英语试卷)。申请期2025年12月1日至2026年2月28日;部分专业(汉语言(国际学生)及全部英语授课专业)截止2026年5月31日。须缴纳申请费800元,未缴费申请无效。
cmtuqgwpj00f54gyxvo5tfm6c	requirementsRu	持外国普通护照的非中国籍公民(须符合教育部教外函〔2020〕12号文件规定);25周岁以下,已高中毕业(应届可提供预毕业证明,最迟入学前取得高中毕业证书);身心健康、品学兼优、无违法犯罪记录。语言要求:汉语授课专业须提供HSK成绩报告(各专业最低要求不同,从HSK五级180分到HSK六级220分不等,详见招生专业目录;中等教育阶段必修课程为汉语授课者可凭初高中汉语授课证明免交);英语授课专业须提供TOEFL/IELTS等英语水平证明(母语为英语者无须提供;临床医学/生物医学工程英文轨道要求雅思≥6.0或托福网考≥75等,传播学(全球传播与管理)要求雅思≥6.5或托福≥80)。自2026/2027学年起所有本科申请人均须提供有效的来华留学本科入学学业水平测试(CSCA)成绩单,各专业考试科目(文科/理科中文、数学、物理、化学)及试卷语种见招生专业目录(汉语授课专业考中文试卷,英语授课专业考英语试卷)。申请期2025年12月1日至2026年2月28日;部分专业(汉语言(国际学生)及全部英语授课专业)截止2026年5月31日。须缴纳申请费800元,未缴费申请无效。
cmtuqgwpm00f64gyxuzfnmzon	requirementsRu	持外国普通护照的非中国籍公民(须符合教育部教外函〔2020〕12号文件规定);25周岁以下,已高中毕业(应届可提供预毕业证明,最迟入学前取得高中毕业证书);身心健康、品学兼优、无违法犯罪记录。语言要求:汉语授课专业须提供HSK成绩报告(各专业最低要求不同,从HSK五级180分到HSK六级220分不等,详见招生专业目录;中等教育阶段必修课程为汉语授课者可凭初高中汉语授课证明免交);英语授课专业须提供TOEFL/IELTS等英语水平证明(母语为英语者无须提供;临床医学/生物医学工程英文轨道要求雅思≥6.0或托福网考≥75等,传播学(全球传播与管理)要求雅思≥6.5或托福≥80)。自2026/2027学年起所有本科申请人均须提供有效的来华留学本科入学学业水平测试(CSCA)成绩单,各专业考试科目(文科/理科中文、数学、物理、化学)及试卷语种见招生专业目录(汉语授课专业考中文试卷,英语授课专业考英语试卷)。申请期2025年12月1日至2026年2月28日;部分专业(汉语言(国际学生)及全部英语授课专业)截止2026年5月31日。须缴纳申请费800元,未缴费申请无效。
cmtuqgwpp00f74gyxnkg1x1cn	requirementsRu	持外国普通护照的非中国籍公民(须符合教育部教外函〔2020〕12号文件规定);25周岁以下,已高中毕业(应届可提供预毕业证明,最迟入学前取得高中毕业证书);身心健康、品学兼优、无违法犯罪记录。语言要求:汉语授课专业须提供HSK成绩报告(各专业最低要求不同,从HSK五级180分到HSK六级220分不等,详见招生专业目录;中等教育阶段必修课程为汉语授课者可凭初高中汉语授课证明免交);英语授课专业须提供TOEFL/IELTS等英语水平证明(母语为英语者无须提供;临床医学/生物医学工程英文轨道要求雅思≥6.0或托福网考≥75等,传播学(全球传播与管理)要求雅思≥6.5或托福≥80)。自2026/2027学年起所有本科申请人均须提供有效的来华留学本科入学学业水平测试(CSCA)成绩单,各专业考试科目(文科/理科中文、数学、物理、化学)及试卷语种见招生专业目录(汉语授课专业考中文试卷,英语授课专业考英语试卷)。申请期2025年12月1日至2026年2月28日;部分专业(汉语言(国际学生)及全部英语授课专业)截止2026年5月31日。须缴纳申请费800元,未缴费申请无效。
cmtuqgwpt00f84gyxmy954zoo	requirementsRu	持外国普通护照的非中国籍公民(须符合教育部教外函〔2020〕12号文件规定);25周岁以下,已高中毕业(应届可提供预毕业证明,最迟入学前取得高中毕业证书);身心健康、品学兼优、无违法犯罪记录。语言要求:汉语授课专业须提供HSK成绩报告(各专业最低要求不同,从HSK五级180分到HSK六级220分不等,详见招生专业目录;中等教育阶段必修课程为汉语授课者可凭初高中汉语授课证明免交);英语授课专业须提供TOEFL/IELTS等英语水平证明(母语为英语者无须提供;临床医学/生物医学工程英文轨道要求雅思≥6.0或托福网考≥75等,传播学(全球传播与管理)要求雅思≥6.5或托福≥80)。自2026/2027学年起所有本科申请人均须提供有效的来华留学本科入学学业水平测试(CSCA)成绩单,各专业考试科目(文科/理科中文、数学、物理、化学)及试卷语种见招生专业目录(汉语授课专业考中文试卷,英语授课专业考英语试卷)。申请期2025年12月1日至2026年2月28日;部分专业(汉语言(国际学生)及全部英语授课专业)截止2026年5月31日。须缴纳申请费800元,未缴费申请无效。
cmtuqgwpw00f94gyxy3v19t3q	requirementsRu	持外国普通护照的非中国籍公民(须符合教育部教外函〔2020〕12号文件规定);25周岁以下,已高中毕业(应届可提供预毕业证明,最迟入学前取得高中毕业证书);身心健康、品学兼优、无违法犯罪记录。语言要求:汉语授课专业须提供HSK成绩报告(各专业最低要求不同,从HSK五级180分到HSK六级220分不等,详见招生专业目录;中等教育阶段必修课程为汉语授课者可凭初高中汉语授课证明免交);英语授课专业须提供TOEFL/IELTS等英语水平证明(母语为英语者无须提供;临床医学/生物医学工程英文轨道要求雅思≥6.0或托福网考≥75等,传播学(全球传播与管理)要求雅思≥6.5或托福≥80)。自2026/2027学年起所有本科申请人均须提供有效的来华留学本科入学学业水平测试(CSCA)成绩单,各专业考试科目(文科/理科中文、数学、物理、化学)及试卷语种见招生专业目录(汉语授课专业考中文试卷,英语授课专业考英语试卷)。申请期2025年12月1日至2026年2月28日;部分专业(汉语言(国际学生)及全部英语授课专业)截止2026年5月31日。须缴纳申请费800元,未缴费申请无效。
cmtuqgwpz00fa4gyx8rnfpae1	requirementsRu	持外国普通护照的非中国籍公民(须符合教育部教外函〔2020〕12号文件规定);25周岁以下,已高中毕业(应届可提供预毕业证明,最迟入学前取得高中毕业证书);身心健康、品学兼优、无违法犯罪记录。语言要求:汉语授课专业须提供HSK成绩报告(各专业最低要求不同,从HSK五级180分到HSK六级220分不等,详见招生专业目录;中等教育阶段必修课程为汉语授课者可凭初高中汉语授课证明免交);英语授课专业须提供TOEFL/IELTS等英语水平证明(母语为英语者无须提供;临床医学/生物医学工程英文轨道要求雅思≥6.0或托福网考≥75等,传播学(全球传播与管理)要求雅思≥6.5或托福≥80)。自2026/2027学年起所有本科申请人均须提供有效的来华留学本科入学学业水平测试(CSCA)成绩单,各专业考试科目(文科/理科中文、数学、物理、化学)及试卷语种见招生专业目录(汉语授课专业考中文试卷,英语授课专业考英语试卷)。申请期2025年12月1日至2026年2月28日;部分专业(汉语言(国际学生)及全部英语授课专业)截止2026年5月31日。须缴纳申请费800元,未缴费申请无效。
cmtuqgwq300fb4gyxuc0ho81i	requirementsRu	持外国普通护照的非中国籍公民(须符合教育部教外函〔2020〕12号文件规定);25周岁以下,已高中毕业(应届可提供预毕业证明,最迟入学前取得高中毕业证书);身心健康、品学兼优、无违法犯罪记录。语言要求:汉语授课专业须提供HSK成绩报告(各专业最低要求不同,从HSK五级180分到HSK六级220分不等,详见招生专业目录;中等教育阶段必修课程为汉语授课者可凭初高中汉语授课证明免交);英语授课专业须提供TOEFL/IELTS等英语水平证明(母语为英语者无须提供;临床医学/生物医学工程英文轨道要求雅思≥6.0或托福网考≥75等,传播学(全球传播与管理)要求雅思≥6.5或托福≥80)。自2026/2027学年起所有本科申请人均须提供有效的来华留学本科入学学业水平测试(CSCA)成绩单,各专业考试科目(文科/理科中文、数学、物理、化学)及试卷语种见招生专业目录(汉语授课专业考中文试卷,英语授课专业考英语试卷)。申请期2025年12月1日至2026年2月28日;部分专业(汉语言(国际学生)及全部英语授课专业)截止2026年5月31日。须缴纳申请费800元,未缴费申请无效。
cmtuqgwq600fc4gyxoy5wa3a8	requirementsRu	持外国普通护照的非中国籍公民(须符合教育部教外函〔2020〕12号文件规定);25周岁以下,已高中毕业(应届可提供预毕业证明,最迟入学前取得高中毕业证书);身心健康、品学兼优、无违法犯罪记录。语言要求:汉语授课专业须提供HSK成绩报告(各专业最低要求不同,从HSK五级180分到HSK六级220分不等,详见招生专业目录;中等教育阶段必修课程为汉语授课者可凭初高中汉语授课证明免交);英语授课专业须提供TOEFL/IELTS等英语水平证明(母语为英语者无须提供;临床医学/生物医学工程英文轨道要求雅思≥6.0或托福网考≥75等,传播学(全球传播与管理)要求雅思≥6.5或托福≥80)。自2026/2027学年起所有本科申请人均须提供有效的来华留学本科入学学业水平测试(CSCA)成绩单,各专业考试科目(文科/理科中文、数学、物理、化学)及试卷语种见招生专业目录(汉语授课专业考中文试卷,英语授课专业考英语试卷)。申请期2025年12月1日至2026年2月28日;部分专业(汉语言(国际学生)及全部英语授课专业)截止2026年5月31日。须缴纳申请费800元,未缴费申请无效。
cmtuqgwq900fd4gyxg84xhlju	requirementsRu	持外国普通护照的非中国籍公民(须符合教育部教外函〔2020〕12号文件规定);25周岁以下,已高中毕业(应届可提供预毕业证明,最迟入学前取得高中毕业证书);身心健康、品学兼优、无违法犯罪记录。语言要求:汉语授课专业须提供HSK成绩报告(各专业最低要求不同,从HSK五级180分到HSK六级220分不等,详见招生专业目录;中等教育阶段必修课程为汉语授课者可凭初高中汉语授课证明免交);英语授课专业须提供TOEFL/IELTS等英语水平证明(母语为英语者无须提供;临床医学/生物医学工程英文轨道要求雅思≥6.0或托福网考≥75等,传播学(全球传播与管理)要求雅思≥6.5或托福≥80)。自2026/2027学年起所有本科申请人均须提供有效的来华留学本科入学学业水平测试(CSCA)成绩单,各专业考试科目(文科/理科中文、数学、物理、化学)及试卷语种见招生专业目录(汉语授课专业考中文试卷,英语授课专业考英语试卷)。申请期2025年12月1日至2026年2月28日;部分专业(汉语言(国际学生)及全部英语授课专业)截止2026年5月31日。须缴纳申请费800元,未缴费申请无效。
cmtuqgwqc00fe4gyxbw5zm7ge	requirementsRu	持外国普通护照的非中国籍公民(须符合教育部教外函〔2020〕12号文件规定);25周岁以下,已高中毕业(应届可提供预毕业证明,最迟入学前取得高中毕业证书);身心健康、品学兼优、无违法犯罪记录。语言要求:汉语授课专业须提供HSK成绩报告(各专业最低要求不同,从HSK五级180分到HSK六级220分不等,详见招生专业目录;中等教育阶段必修课程为汉语授课者可凭初高中汉语授课证明免交);英语授课专业须提供TOEFL/IELTS等英语水平证明(母语为英语者无须提供;临床医学/生物医学工程英文轨道要求雅思≥6.0或托福网考≥75等,传播学(全球传播与管理)要求雅思≥6.5或托福≥80)。自2026/2027学年起所有本科申请人均须提供有效的来华留学本科入学学业水平测试(CSCA)成绩单,各专业考试科目(文科/理科中文、数学、物理、化学)及试卷语种见招生专业目录(汉语授课专业考中文试卷,英语授课专业考英语试卷)。申请期2025年12月1日至2026年2月28日;部分专业(汉语言(国际学生)及全部英语授课专业)截止2026年5月31日。须缴纳申请费800元,未缴费申请无效。
cmtuqgwqg00ff4gyxip8nf0yq	requirementsRu	持外国普通护照的非中国籍公民(须符合教育部教外函〔2020〕12号文件规定);25周岁以下,已高中毕业(应届可提供预毕业证明,最迟入学前取得高中毕业证书);身心健康、品学兼优、无违法犯罪记录。语言要求:汉语授课专业须提供HSK成绩报告(各专业最低要求不同,从HSK五级180分到HSK六级220分不等,详见招生专业目录;中等教育阶段必修课程为汉语授课者可凭初高中汉语授课证明免交);英语授课专业须提供TOEFL/IELTS等英语水平证明(母语为英语者无须提供;临床医学/生物医学工程英文轨道要求雅思≥6.0或托福网考≥75等,传播学(全球传播与管理)要求雅思≥6.5或托福≥80)。自2026/2027学年起所有本科申请人均须提供有效的来华留学本科入学学业水平测试(CSCA)成绩单,各专业考试科目(文科/理科中文、数学、物理、化学)及试卷语种见招生专业目录(汉语授课专业考中文试卷,英语授课专业考英语试卷)。申请期2025年12月1日至2026年2月28日;部分专业(汉语言(国际学生)及全部英语授课专业)截止2026年5月31日。须缴纳申请费800元,未缴费申请无效。
cmtuqgwqk00fg4gyxq7o0dpvq	requirementsRu	持外国普通护照的非中国籍公民(须符合教育部教外函〔2020〕12号文件规定);25周岁以下,已高中毕业(应届可提供预毕业证明,最迟入学前取得高中毕业证书);身心健康、品学兼优、无违法犯罪记录。语言要求:汉语授课专业须提供HSK成绩报告(各专业最低要求不同,从HSK五级180分到HSK六级220分不等,详见招生专业目录;中等教育阶段必修课程为汉语授课者可凭初高中汉语授课证明免交);英语授课专业须提供TOEFL/IELTS等英语水平证明(母语为英语者无须提供;临床医学/生物医学工程英文轨道要求雅思≥6.0或托福网考≥75等,传播学(全球传播与管理)要求雅思≥6.5或托福≥80)。自2026/2027学年起所有本科申请人均须提供有效的来华留学本科入学学业水平测试(CSCA)成绩单,各专业考试科目(文科/理科中文、数学、物理、化学)及试卷语种见招生专业目录(汉语授课专业考中文试卷,英语授课专业考英语试卷)。申请期2025年12月1日至2026年2月28日;部分专业(汉语言(国际学生)及全部英语授课专业)截止2026年5月31日。须缴纳申请费800元,未缴费申请无效。
cmtuqgwqp00fh4gyxktwtfhxi	requirementsRu	持外国普通护照的非中国籍公民(须符合教育部教外函〔2020〕12号文件规定);25周岁以下,已高中毕业(应届可提供预毕业证明,最迟入学前取得高中毕业证书);身心健康、品学兼优、无违法犯罪记录。语言要求:汉语授课专业须提供HSK成绩报告(各专业最低要求不同,从HSK五级180分到HSK六级220分不等,详见招生专业目录;中等教育阶段必修课程为汉语授课者可凭初高中汉语授课证明免交);英语授课专业须提供TOEFL/IELTS等英语水平证明(母语为英语者无须提供;临床医学/生物医学工程英文轨道要求雅思≥6.0或托福网考≥75等,传播学(全球传播与管理)要求雅思≥6.5或托福≥80)。自2026/2027学年起所有本科申请人均须提供有效的来华留学本科入学学业水平测试(CSCA)成绩单,各专业考试科目(文科/理科中文、数学、物理、化学)及试卷语种见招生专业目录(汉语授课专业考中文试卷,英语授课专业考英语试卷)。申请期2025年12月1日至2026年2月28日;部分专业(汉语言(国际学生)及全部英语授课专业)截止2026年5月31日。须缴纳申请费800元,未缴费申请无效。
cmtuqgwqt00fi4gyxc5c25isj	requirementsRu	持外国普通护照的非中国籍公民(须符合教育部教外函〔2020〕12号文件规定);25周岁以下,已高中毕业(应届可提供预毕业证明,最迟入学前取得高中毕业证书);身心健康、品学兼优、无违法犯罪记录。语言要求:汉语授课专业须提供HSK成绩报告(各专业最低要求不同,从HSK五级180分到HSK六级220分不等,详见招生专业目录;中等教育阶段必修课程为汉语授课者可凭初高中汉语授课证明免交);英语授课专业须提供TOEFL/IELTS等英语水平证明(母语为英语者无须提供;临床医学/生物医学工程英文轨道要求雅思≥6.0或托福网考≥75等,传播学(全球传播与管理)要求雅思≥6.5或托福≥80)。自2026/2027学年起所有本科申请人均须提供有效的来华留学本科入学学业水平测试(CSCA)成绩单,各专业考试科目(文科/理科中文、数学、物理、化学)及试卷语种见招生专业目录(汉语授课专业考中文试卷,英语授课专业考英语试卷)。申请期2025年12月1日至2026年2月28日;部分专业(汉语言(国际学生)及全部英语授课专业)截止2026年5月31日。须缴纳申请费800元,未缴费申请无效。
cmtuqgwqx00fj4gyxbknq1cik	requirementsRu	持外国普通护照的非中国籍公民(须符合教育部教外函〔2020〕12号文件规定);25周岁以下,已高中毕业(应届可提供预毕业证明,最迟入学前取得高中毕业证书);身心健康、品学兼优、无违法犯罪记录。语言要求:汉语授课专业须提供HSK成绩报告(各专业最低要求不同,从HSK五级180分到HSK六级220分不等,详见招生专业目录;中等教育阶段必修课程为汉语授课者可凭初高中汉语授课证明免交);英语授课专业须提供TOEFL/IELTS等英语水平证明(母语为英语者无须提供;临床医学/生物医学工程英文轨道要求雅思≥6.0或托福网考≥75等,传播学(全球传播与管理)要求雅思≥6.5或托福≥80)。自2026/2027学年起所有本科申请人均须提供有效的来华留学本科入学学业水平测试(CSCA)成绩单,各专业考试科目(文科/理科中文、数学、物理、化学)及试卷语种见招生专业目录(汉语授课专业考中文试卷,英语授课专业考英语试卷)。申请期2025年12月1日至2026年2月28日;部分专业(汉语言(国际学生)及全部英语授课专业)截止2026年5月31日。须缴纳申请费800元,未缴费申请无效。
cmtuqgwr000fk4gyx6hqz0dmn	requirementsRu	持外国普通护照的非中国籍公民(须符合教育部教外函〔2020〕12号文件规定);25周岁以下,已高中毕业(应届可提供预毕业证明,最迟入学前取得高中毕业证书);身心健康、品学兼优、无违法犯罪记录。语言要求:汉语授课专业须提供HSK成绩报告(各专业最低要求不同,从HSK五级180分到HSK六级220分不等,详见招生专业目录;中等教育阶段必修课程为汉语授课者可凭初高中汉语授课证明免交);英语授课专业须提供TOEFL/IELTS等英语水平证明(母语为英语者无须提供;临床医学/生物医学工程英文轨道要求雅思≥6.0或托福网考≥75等,传播学(全球传播与管理)要求雅思≥6.5或托福≥80)。自2026/2027学年起所有本科申请人均须提供有效的来华留学本科入学学业水平测试(CSCA)成绩单,各专业考试科目(文科/理科中文、数学、物理、化学)及试卷语种见招生专业目录(汉语授课专业考中文试卷,英语授课专业考英语试卷)。申请期2025年12月1日至2026年2月28日;部分专业(汉语言(国际学生)及全部英语授课专业)截止2026年5月31日。须缴纳申请费800元,未缴费申请无效。
cmtuqgwr400fl4gyx6rt33lb4	requirementsRu	持外国普通护照的非中国籍公民(须符合教育部教外函〔2020〕12号文件规定);25周岁以下,已高中毕业(应届可提供预毕业证明,最迟入学前取得高中毕业证书);身心健康、品学兼优、无违法犯罪记录。语言要求:汉语授课专业须提供HSK成绩报告(各专业最低要求不同,从HSK五级180分到HSK六级220分不等,详见招生专业目录;中等教育阶段必修课程为汉语授课者可凭初高中汉语授课证明免交);英语授课专业须提供TOEFL/IELTS等英语水平证明(母语为英语者无须提供;临床医学/生物医学工程英文轨道要求雅思≥6.0或托福网考≥75等,传播学(全球传播与管理)要求雅思≥6.5或托福≥80)。自2026/2027学年起所有本科申请人均须提供有效的来华留学本科入学学业水平测试(CSCA)成绩单,各专业考试科目(文科/理科中文、数学、物理、化学)及试卷语种见招生专业目录(汉语授课专业考中文试卷,英语授课专业考英语试卷)。申请期2025年12月1日至2026年2月28日;部分专业(汉语言(国际学生)及全部英语授课专业)截止2026年5月31日。须缴纳申请费800元,未缴费申请无效。
cmtuqgwr700fm4gyxrq1d3dxj	requirementsRu	持外国普通护照的非中国籍公民(须符合教育部教外函〔2020〕12号文件规定);25周岁以下,已高中毕业(应届可提供预毕业证明,最迟入学前取得高中毕业证书);身心健康、品学兼优、无违法犯罪记录。语言要求:汉语授课专业须提供HSK成绩报告(各专业最低要求不同,从HSK五级180分到HSK六级220分不等,详见招生专业目录;中等教育阶段必修课程为汉语授课者可凭初高中汉语授课证明免交);英语授课专业须提供TOEFL/IELTS等英语水平证明(母语为英语者无须提供;临床医学/生物医学工程英文轨道要求雅思≥6.0或托福网考≥75等,传播学(全球传播与管理)要求雅思≥6.5或托福≥80)。自2026/2027学年起所有本科申请人均须提供有效的来华留学本科入学学业水平测试(CSCA)成绩单,各专业考试科目(文科/理科中文、数学、物理、化学)及试卷语种见招生专业目录(汉语授课专业考中文试卷,英语授课专业考英语试卷)。申请期2025年12月1日至2026年2月28日;部分专业(汉语言(国际学生)及全部英语授课专业)截止2026年5月31日。须缴纳申请费800元,未缴费申请无效。
cmtuqgwrc00fn4gyxhp5q9ymp	requirementsRu	持外国普通护照的非中国籍公民(须符合教育部教外函〔2020〕12号文件规定);25周岁以下,已高中毕业(应届可提供预毕业证明,最迟入学前取得高中毕业证书);身心健康、品学兼优、无违法犯罪记录。语言要求:汉语授课专业须提供HSK成绩报告(各专业最低要求不同,从HSK五级180分到HSK六级220分不等,详见招生专业目录;中等教育阶段必修课程为汉语授课者可凭初高中汉语授课证明免交);英语授课专业须提供TOEFL/IELTS等英语水平证明(母语为英语者无须提供;临床医学/生物医学工程英文轨道要求雅思≥6.0或托福网考≥75等,传播学(全球传播与管理)要求雅思≥6.5或托福≥80)。自2026/2027学年起所有本科申请人均须提供有效的来华留学本科入学学业水平测试(CSCA)成绩单,各专业考试科目(文科/理科中文、数学、物理、化学)及试卷语种见招生专业目录(汉语授课专业考中文试卷,英语授课专业考英语试卷)。申请期2025年12月1日至2026年2月28日;部分专业(汉语言(国际学生)及全部英语授课专业)截止2026年5月31日。须缴纳申请费800元,未缴费申请无效。
cmtuqgwri00fo4gyx25nu7p40	requirementsRu	持外国普通护照的非中国籍公民(须符合教育部教外函〔2020〕12号文件规定);25周岁以下,已高中毕业(应届可提供预毕业证明,最迟入学前取得高中毕业证书);身心健康、品学兼优、无违法犯罪记录。语言要求:汉语授课专业须提供HSK成绩报告(各专业最低要求不同,从HSK五级180分到HSK六级220分不等,详见招生专业目录;中等教育阶段必修课程为汉语授课者可凭初高中汉语授课证明免交);英语授课专业须提供TOEFL/IELTS等英语水平证明(母语为英语者无须提供;临床医学/生物医学工程英文轨道要求雅思≥6.0或托福网考≥75等,传播学(全球传播与管理)要求雅思≥6.5或托福≥80)。自2026/2027学年起所有本科申请人均须提供有效的来华留学本科入学学业水平测试(CSCA)成绩单,各专业考试科目(文科/理科中文、数学、物理、化学)及试卷语种见招生专业目录(汉语授课专业考中文试卷,英语授课专业考英语试卷)。申请期2025年12月1日至2026年2月28日;部分专业(汉语言(国际学生)及全部英语授课专业)截止2026年5月31日。须缴纳申请费800元,未缴费申请无效。
cmtuqgwrm00fp4gyxrub2mort	requirementsRu	持外国普通护照的非中国籍公民(须符合教育部教外函〔2020〕12号文件规定);25周岁以下,已高中毕业(应届可提供预毕业证明,最迟入学前取得高中毕业证书);身心健康、品学兼优、无违法犯罪记录。语言要求:汉语授课专业须提供HSK成绩报告(各专业最低要求不同,从HSK五级180分到HSK六级220分不等,详见招生专业目录;中等教育阶段必修课程为汉语授课者可凭初高中汉语授课证明免交);英语授课专业须提供TOEFL/IELTS等英语水平证明(母语为英语者无须提供;临床医学/生物医学工程英文轨道要求雅思≥6.0或托福网考≥75等,传播学(全球传播与管理)要求雅思≥6.5或托福≥80)。自2026/2027学年起所有本科申请人均须提供有效的来华留学本科入学学业水平测试(CSCA)成绩单,各专业考试科目(文科/理科中文、数学、物理、化学)及试卷语种见招生专业目录(汉语授课专业考中文试卷,英语授课专业考英语试卷)。申请期2025年12月1日至2026年2月28日;部分专业(汉语言(国际学生)及全部英语授课专业)截止2026年5月31日。须缴纳申请费800元,未缴费申请无效。
cmtuqgwrq00fq4gyxjnpfatdq	requirementsRu	持外国普通护照的非中国籍公民(须符合教育部教外函〔2020〕12号文件规定);25周岁以下,已高中毕业(应届可提供预毕业证明,最迟入学前取得高中毕业证书);身心健康、品学兼优、无违法犯罪记录。语言要求:汉语授课专业须提供HSK成绩报告(各专业最低要求不同,从HSK五级180分到HSK六级220分不等,详见招生专业目录;中等教育阶段必修课程为汉语授课者可凭初高中汉语授课证明免交);英语授课专业须提供TOEFL/IELTS等英语水平证明(母语为英语者无须提供;临床医学/生物医学工程英文轨道要求雅思≥6.0或托福网考≥75等,传播学(全球传播与管理)要求雅思≥6.5或托福≥80)。自2026/2027学年起所有本科申请人均须提供有效的来华留学本科入学学业水平测试(CSCA)成绩单,各专业考试科目(文科/理科中文、数学、物理、化学)及试卷语种见招生专业目录(汉语授课专业考中文试卷,英语授课专业考英语试卷)。申请期2025年12月1日至2026年2月28日;部分专业(汉语言(国际学生)及全部英语授课专业)截止2026年5月31日。须缴纳申请费800元,未缴费申请无效。
cmtuqgwrt00fr4gyxitkojzbr	requirementsRu	持外国普通护照的非中国籍公民(须符合教育部教外函〔2020〕12号文件规定);25周岁以下,已高中毕业(应届可提供预毕业证明,最迟入学前取得高中毕业证书);身心健康、品学兼优、无违法犯罪记录。语言要求:汉语授课专业须提供HSK成绩报告(各专业最低要求不同,从HSK五级180分到HSK六级220分不等,详见招生专业目录;中等教育阶段必修课程为汉语授课者可凭初高中汉语授课证明免交);英语授课专业须提供TOEFL/IELTS等英语水平证明(母语为英语者无须提供;临床医学/生物医学工程英文轨道要求雅思≥6.0或托福网考≥75等,传播学(全球传播与管理)要求雅思≥6.5或托福≥80)。自2026/2027学年起所有本科申请人均须提供有效的来华留学本科入学学业水平测试(CSCA)成绩单,各专业考试科目(文科/理科中文、数学、物理、化学)及试卷语种见招生专业目录(汉语授课专业考中文试卷,英语授课专业考英语试卷)。申请期2025年12月1日至2026年2月28日;部分专业(汉语言(国际学生)及全部英语授课专业)截止2026年5月31日。须缴纳申请费800元,未缴费申请无效。
cmtuqgwrx00fs4gyxihntf1yz	requirementsRu	持外国普通护照的非中国籍公民(须符合教育部教外函〔2020〕12号文件规定);25周岁以下,已高中毕业(应届可提供预毕业证明,最迟入学前取得高中毕业证书);身心健康、品学兼优、无违法犯罪记录。语言要求:汉语授课专业须提供HSK成绩报告(各专业最低要求不同,从HSK五级180分到HSK六级220分不等,详见招生专业目录;中等教育阶段必修课程为汉语授课者可凭初高中汉语授课证明免交);英语授课专业须提供TOEFL/IELTS等英语水平证明(母语为英语者无须提供;临床医学/生物医学工程英文轨道要求雅思≥6.0或托福网考≥75等,传播学(全球传播与管理)要求雅思≥6.5或托福≥80)。自2026/2027学年起所有本科申请人均须提供有效的来华留学本科入学学业水平测试(CSCA)成绩单,各专业考试科目(文科/理科中文、数学、物理、化学)及试卷语种见招生专业目录(汉语授课专业考中文试卷,英语授课专业考英语试卷)。申请期2025年12月1日至2026年2月28日;部分专业(汉语言(国际学生)及全部英语授课专业)截止2026年5月31日。须缴纳申请费800元,未缴费申请无效。
cmtuqgws100ft4gyxaj7w32le	requirementsRu	持外国普通护照的非中国籍公民(须符合教育部教外函〔2020〕12号文件规定);25周岁以下,已高中毕业(应届可提供预毕业证明,最迟入学前取得高中毕业证书);身心健康、品学兼优、无违法犯罪记录。语言要求:汉语授课专业须提供HSK成绩报告(各专业最低要求不同,从HSK五级180分到HSK六级220分不等,详见招生专业目录;中等教育阶段必修课程为汉语授课者可凭初高中汉语授课证明免交);英语授课专业须提供TOEFL/IELTS等英语水平证明(母语为英语者无须提供;临床医学/生物医学工程英文轨道要求雅思≥6.0或托福网考≥75等,传播学(全球传播与管理)要求雅思≥6.5或托福≥80)。自2026/2027学年起所有本科申请人均须提供有效的来华留学本科入学学业水平测试(CSCA)成绩单,各专业考试科目(文科/理科中文、数学、物理、化学)及试卷语种见招生专业目录(汉语授课专业考中文试卷,英语授课专业考英语试卷)。申请期2025年12月1日至2026年2月28日;部分专业(汉语言(国际学生)及全部英语授课专业)截止2026年5月31日。须缴纳申请费800元,未缴费申请无效。
cmtuqgws400fu4gyxpdj1b286	requirementsRu	持外国普通护照的非中国籍公民(须符合教育部教外函〔2020〕12号文件规定);25周岁以下,已高中毕业(应届可提供预毕业证明,最迟入学前取得高中毕业证书);身心健康、品学兼优、无违法犯罪记录。语言要求:汉语授课专业须提供HSK成绩报告(各专业最低要求不同,从HSK五级180分到HSK六级220分不等,详见招生专业目录;中等教育阶段必修课程为汉语授课者可凭初高中汉语授课证明免交);英语授课专业须提供TOEFL/IELTS等英语水平证明(母语为英语者无须提供;临床医学/生物医学工程英文轨道要求雅思≥6.0或托福网考≥75等,传播学(全球传播与管理)要求雅思≥6.5或托福≥80)。自2026/2027学年起所有本科申请人均须提供有效的来华留学本科入学学业水平测试(CSCA)成绩单,各专业考试科目(文科/理科中文、数学、物理、化学)及试卷语种见招生专业目录(汉语授课专业考中文试卷,英语授课专业考英语试卷)。申请期2025年12月1日至2026年2月28日;部分专业(汉语言(国际学生)及全部英语授课专业)截止2026年5月31日。须缴纳申请费800元,未缴费申请无效。
cmtuqgws800fv4gyxit4w87rw	requirementsRu	持外国普通护照的非中国籍公民(须符合教育部教外函〔2020〕12号文件规定);25周岁以下,已高中毕业(应届可提供预毕业证明,最迟入学前取得高中毕业证书);身心健康、品学兼优、无违法犯罪记录。语言要求:汉语授课专业须提供HSK成绩报告(各专业最低要求不同,从HSK五级180分到HSK六级220分不等,详见招生专业目录;中等教育阶段必修课程为汉语授课者可凭初高中汉语授课证明免交);英语授课专业须提供TOEFL/IELTS等英语水平证明(母语为英语者无须提供;临床医学/生物医学工程英文轨道要求雅思≥6.0或托福网考≥75等,传播学(全球传播与管理)要求雅思≥6.5或托福≥80)。自2026/2027学年起所有本科申请人均须提供有效的来华留学本科入学学业水平测试(CSCA)成绩单,各专业考试科目(文科/理科中文、数学、物理、化学)及试卷语种见招生专业目录(汉语授课专业考中文试卷,英语授课专业考英语试卷)。申请期2025年12月1日至2026年2月28日;部分专业(汉语言(国际学生)及全部英语授课专业)截止2026年5月31日。须缴纳申请费800元,未缴费申请无效。
cmtuqgwsd00fw4gyx9hxp4ybj	requirementsRu	持外国普通护照的非中国籍公民(须符合教育部教外函〔2020〕12号文件规定);25周岁以下,已高中毕业(应届可提供预毕业证明,最迟入学前取得高中毕业证书);身心健康、品学兼优、无违法犯罪记录。语言要求:汉语授课专业须提供HSK成绩报告(各专业最低要求不同,从HSK五级180分到HSK六级220分不等,详见招生专业目录;中等教育阶段必修课程为汉语授课者可凭初高中汉语授课证明免交);英语授课专业须提供TOEFL/IELTS等英语水平证明(母语为英语者无须提供;临床医学/生物医学工程英文轨道要求雅思≥6.0或托福网考≥75等,传播学(全球传播与管理)要求雅思≥6.5或托福≥80)。自2026/2027学年起所有本科申请人均须提供有效的来华留学本科入学学业水平测试(CSCA)成绩单,各专业考试科目(文科/理科中文、数学、物理、化学)及试卷语种见招生专业目录(汉语授课专业考中文试卷,英语授课专业考英语试卷)。申请期2025年12月1日至2026年2月28日;部分专业(汉语言(国际学生)及全部英语授课专业)截止2026年5月31日。须缴纳申请费800元,未缴费申请无效。
cmtuqgwsi00fx4gyxv052x68x	requirementsRu	持外国普通护照的非中国籍公民(须符合教育部教外函〔2020〕12号文件规定);25周岁以下,已高中毕业(应届可提供预毕业证明,最迟入学前取得高中毕业证书);身心健康、品学兼优、无违法犯罪记录。语言要求:汉语授课专业须提供HSK成绩报告(各专业最低要求不同,从HSK五级180分到HSK六级220分不等,详见招生专业目录;中等教育阶段必修课程为汉语授课者可凭初高中汉语授课证明免交);英语授课专业须提供TOEFL/IELTS等英语水平证明(母语为英语者无须提供;临床医学/生物医学工程英文轨道要求雅思≥6.0或托福网考≥75等,传播学(全球传播与管理)要求雅思≥6.5或托福≥80)。自2026/2027学年起所有本科申请人均须提供有效的来华留学本科入学学业水平测试(CSCA)成绩单,各专业考试科目(文科/理科中文、数学、物理、化学)及试卷语种见招生专业目录(汉语授课专业考中文试卷,英语授课专业考英语试卷)。申请期2025年12月1日至2026年2月28日;部分专业(汉语言(国际学生)及全部英语授课专业)截止2026年5月31日。须缴纳申请费800元,未缴费申请无效。
cmtuqgwsm00fy4gyx6ic7ppiz	requirementsRu	持外国普通护照的非中国籍公民(须符合教育部教外函〔2020〕12号文件规定);25周岁以下,已高中毕业(应届可提供预毕业证明,最迟入学前取得高中毕业证书);身心健康、品学兼优、无违法犯罪记录。语言要求:汉语授课专业须提供HSK成绩报告(各专业最低要求不同,从HSK五级180分到HSK六级220分不等,详见招生专业目录;中等教育阶段必修课程为汉语授课者可凭初高中汉语授课证明免交);英语授课专业须提供TOEFL/IELTS等英语水平证明(母语为英语者无须提供;临床医学/生物医学工程英文轨道要求雅思≥6.0或托福网考≥75等,传播学(全球传播与管理)要求雅思≥6.5或托福≥80)。自2026/2027学年起所有本科申请人均须提供有效的来华留学本科入学学业水平测试(CSCA)成绩单,各专业考试科目(文科/理科中文、数学、物理、化学)及试卷语种见招生专业目录(汉语授课专业考中文试卷,英语授课专业考英语试卷)。申请期2025年12月1日至2026年2月28日;部分专业(汉语言(国际学生)及全部英语授课专业)截止2026年5月31日。须缴纳申请费800元,未缴费申请无效。
cmtuqgwsp00fz4gyxov62gcyj	requirementsRu	持外国普通护照的非中国籍公民(须符合教育部教外函〔2020〕12号文件规定);25周岁以下,已高中毕业(应届可提供预毕业证明,最迟入学前取得高中毕业证书);身心健康、品学兼优、无违法犯罪记录。语言要求:汉语授课专业须提供HSK成绩报告(各专业最低要求不同,从HSK五级180分到HSK六级220分不等,详见招生专业目录;中等教育阶段必修课程为汉语授课者可凭初高中汉语授课证明免交);英语授课专业须提供TOEFL/IELTS等英语水平证明(母语为英语者无须提供;临床医学/生物医学工程英文轨道要求雅思≥6.0或托福网考≥75等,传播学(全球传播与管理)要求雅思≥6.5或托福≥80)。自2026/2027学年起所有本科申请人均须提供有效的来华留学本科入学学业水平测试(CSCA)成绩单,各专业考试科目(文科/理科中文、数学、物理、化学)及试卷语种见招生专业目录(汉语授课专业考中文试卷,英语授课专业考英语试卷)。申请期2025年12月1日至2026年2月28日;部分专业(汉语言(国际学生)及全部英语授课专业)截止2026年5月31日。须缴纳申请费800元,未缴费申请无效。
cmtuqgwss00g04gyxcq31zx0c	requirementsRu	持外国普通护照的非中国籍公民(须符合教育部教外函〔2020〕12号文件规定);25周岁以下,已高中毕业(应届可提供预毕业证明,最迟入学前取得高中毕业证书);身心健康、品学兼优、无违法犯罪记录。语言要求:汉语授课专业须提供HSK成绩报告(各专业最低要求不同,从HSK五级180分到HSK六级220分不等,详见招生专业目录;中等教育阶段必修课程为汉语授课者可凭初高中汉语授课证明免交);英语授课专业须提供TOEFL/IELTS等英语水平证明(母语为英语者无须提供;临床医学/生物医学工程英文轨道要求雅思≥6.0或托福网考≥75等,传播学(全球传播与管理)要求雅思≥6.5或托福≥80)。自2026/2027学年起所有本科申请人均须提供有效的来华留学本科入学学业水平测试(CSCA)成绩单,各专业考试科目(文科/理科中文、数学、物理、化学)及试卷语种见招生专业目录(汉语授课专业考中文试卷,英语授课专业考英语试卷)。申请期2025年12月1日至2026年2月28日;部分专业(汉语言(国际学生)及全部英语授课专业)截止2026年5月31日。须缴纳申请费800元,未缴费申请无效。
cmtuqgwsv00g14gyxrko15iab	requirementsRu	持外国普通护照的非中国籍公民(须符合教育部教外函〔2020〕12号文件规定);25周岁以下,已高中毕业(应届可提供预毕业证明,最迟入学前取得高中毕业证书);身心健康、品学兼优、无违法犯罪记录。语言要求:汉语授课专业须提供HSK成绩报告(各专业最低要求不同,从HSK五级180分到HSK六级220分不等,详见招生专业目录;中等教育阶段必修课程为汉语授课者可凭初高中汉语授课证明免交);英语授课专业须提供TOEFL/IELTS等英语水平证明(母语为英语者无须提供;临床医学/生物医学工程英文轨道要求雅思≥6.0或托福网考≥75等,传播学(全球传播与管理)要求雅思≥6.5或托福≥80)。自2026/2027学年起所有本科申请人均须提供有效的来华留学本科入学学业水平测试(CSCA)成绩单,各专业考试科目(文科/理科中文、数学、物理、化学)及试卷语种见招生专业目录(汉语授课专业考中文试卷,英语授课专业考英语试卷)。申请期2025年12月1日至2026年2月28日;部分专业(汉语言(国际学生)及全部英语授课专业)截止2026年5月31日。须缴纳申请费800元,未缴费申请无效。
cmtuqgwsy00g24gyxmg0nvg85	requirementsRu	持外国普通护照的非中国籍公民(须符合教育部教外函〔2020〕12号文件规定);25周岁以下,已高中毕业(应届可提供预毕业证明,最迟入学前取得高中毕业证书);身心健康、品学兼优、无违法犯罪记录。语言要求:汉语授课专业须提供HSK成绩报告(各专业最低要求不同,从HSK五级180分到HSK六级220分不等,详见招生专业目录;中等教育阶段必修课程为汉语授课者可凭初高中汉语授课证明免交);英语授课专业须提供TOEFL/IELTS等英语水平证明(母语为英语者无须提供;临床医学/生物医学工程英文轨道要求雅思≥6.0或托福网考≥75等,传播学(全球传播与管理)要求雅思≥6.5或托福≥80)。自2026/2027学年起所有本科申请人均须提供有效的来华留学本科入学学业水平测试(CSCA)成绩单,各专业考试科目(文科/理科中文、数学、物理、化学)及试卷语种见招生专业目录(汉语授课专业考中文试卷,英语授课专业考英语试卷)。申请期2025年12月1日至2026年2月28日;部分专业(汉语言(国际学生)及全部英语授课专业)截止2026年5月31日。须缴纳申请费800元,未缴费申请无效。
cmtuqgwt200g34gyx8dx2341e	requirementsRu	持外国普通护照的非中国籍公民(须符合教育部教外函〔2020〕12号文件规定);25周岁以下,已高中毕业(应届可提供预毕业证明,最迟入学前取得高中毕业证书);身心健康、品学兼优、无违法犯罪记录。语言要求:汉语授课专业须提供HSK成绩报告(各专业最低要求不同,从HSK五级180分到HSK六级220分不等,详见招生专业目录;中等教育阶段必修课程为汉语授课者可凭初高中汉语授课证明免交);英语授课专业须提供TOEFL/IELTS等英语水平证明(母语为英语者无须提供;临床医学/生物医学工程英文轨道要求雅思≥6.0或托福网考≥75等,传播学(全球传播与管理)要求雅思≥6.5或托福≥80)。自2026/2027学年起所有本科申请人均须提供有效的来华留学本科入学学业水平测试(CSCA)成绩单,各专业考试科目(文科/理科中文、数学、物理、化学)及试卷语种见招生专业目录(汉语授课专业考中文试卷,英语授课专业考英语试卷)。申请期2025年12月1日至2026年2月28日;部分专业(汉语言(国际学生)及全部英语授课专业)截止2026年5月31日。须缴纳申请费800元,未缴费申请无效。
cmtuqgwt500g44gyxbu4yvwwf	requirementsRu	持外国普通护照的非中国籍公民(须符合教育部教外函〔2020〕12号文件规定);25周岁以下,已高中毕业(应届可提供预毕业证明,最迟入学前取得高中毕业证书);身心健康、品学兼优、无违法犯罪记录。语言要求:汉语授课专业须提供HSK成绩报告(各专业最低要求不同,从HSK五级180分到HSK六级220分不等,详见招生专业目录;中等教育阶段必修课程为汉语授课者可凭初高中汉语授课证明免交);英语授课专业须提供TOEFL/IELTS等英语水平证明(母语为英语者无须提供;临床医学/生物医学工程英文轨道要求雅思≥6.0或托福网考≥75等,传播学(全球传播与管理)要求雅思≥6.5或托福≥80)。自2026/2027学年起所有本科申请人均须提供有效的来华留学本科入学学业水平测试(CSCA)成绩单,各专业考试科目(文科/理科中文、数学、物理、化学)及试卷语种见招生专业目录(汉语授课专业考中文试卷,英语授课专业考英语试卷)。申请期2025年12月1日至2026年2月28日;部分专业(汉语言(国际学生)及全部英语授课专业)截止2026年5月31日。须缴纳申请费800元,未缴费申请无效。
cmtuqgwt800g54gyxbcnzxlqr	requirementsRu	持外国普通护照的非中国籍公民(须符合教育部教外函〔2020〕12号文件规定);25周岁以下,已高中毕业(应届可提供预毕业证明,最迟入学前取得高中毕业证书);身心健康、品学兼优、无违法犯罪记录。语言要求:汉语授课专业须提供HSK成绩报告(各专业最低要求不同,从HSK五级180分到HSK六级220分不等,详见招生专业目录;中等教育阶段必修课程为汉语授课者可凭初高中汉语授课证明免交);英语授课专业须提供TOEFL/IELTS等英语水平证明(母语为英语者无须提供;临床医学/生物医学工程英文轨道要求雅思≥6.0或托福网考≥75等,传播学(全球传播与管理)要求雅思≥6.5或托福≥80)。自2026/2027学年起所有本科申请人均须提供有效的来华留学本科入学学业水平测试(CSCA)成绩单,各专业考试科目(文科/理科中文、数学、物理、化学)及试卷语种见招生专业目录(汉语授课专业考中文试卷,英语授课专业考英语试卷)。申请期2025年12月1日至2026年2月28日;部分专业(汉语言(国际学生)及全部英语授课专业)截止2026年5月31日。须缴纳申请费800元,未缴费申请无效。
cmtuqgwtb00g64gyxehji4f91	requirementsRu	持外国普通护照的非中国籍公民(须符合教育部教外函〔2020〕12号文件规定);25周岁以下,已高中毕业(应届可提供预毕业证明,最迟入学前取得高中毕业证书);身心健康、品学兼优、无违法犯罪记录。语言要求:汉语授课专业须提供HSK成绩报告(各专业最低要求不同,从HSK五级180分到HSK六级220分不等,详见招生专业目录;中等教育阶段必修课程为汉语授课者可凭初高中汉语授课证明免交);英语授课专业须提供TOEFL/IELTS等英语水平证明(母语为英语者无须提供;临床医学/生物医学工程英文轨道要求雅思≥6.0或托福网考≥75等,传播学(全球传播与管理)要求雅思≥6.5或托福≥80)。自2026/2027学年起所有本科申请人均须提供有效的来华留学本科入学学业水平测试(CSCA)成绩单,各专业考试科目(文科/理科中文、数学、物理、化学)及试卷语种见招生专业目录(汉语授课专业考中文试卷,英语授课专业考英语试卷)。申请期2025年12月1日至2026年2月28日;部分专业(汉语言(国际学生)及全部英语授课专业)截止2026年5月31日。须缴纳申请费800元,未缴费申请无效。
cmtuqgwtf00g74gyx9nzvb0nk	requirementsRu	持外国普通护照的非中国籍公民(须符合教育部教外函〔2020〕12号文件规定);25周岁以下,已高中毕业(应届可提供预毕业证明,最迟入学前取得高中毕业证书);身心健康、品学兼优、无违法犯罪记录。语言要求:汉语授课专业须提供HSK成绩报告(各专业最低要求不同,从HSK五级180分到HSK六级220分不等,详见招生专业目录;中等教育阶段必修课程为汉语授课者可凭初高中汉语授课证明免交);英语授课专业须提供TOEFL/IELTS等英语水平证明(母语为英语者无须提供;临床医学/生物医学工程英文轨道要求雅思≥6.0或托福网考≥75等,传播学(全球传播与管理)要求雅思≥6.5或托福≥80)。自2026/2027学年起所有本科申请人均须提供有效的来华留学本科入学学业水平测试(CSCA)成绩单,各专业考试科目(文科/理科中文、数学、物理、化学)及试卷语种见招生专业目录(汉语授课专业考中文试卷,英语授课专业考英语试卷)。申请期2025年12月1日至2026年2月28日;部分专业(汉语言(国际学生)及全部英语授课专业)截止2026年5月31日。须缴纳申请费800元,未缴费申请无效。
cmtuqgwth00g84gyxwz88f99u	requirementsRu	持外国普通护照的非中国籍公民(须符合教育部教外函〔2020〕12号文件规定);25周岁以下,已高中毕业(应届可提供预毕业证明,最迟入学前取得高中毕业证书);身心健康、品学兼优、无违法犯罪记录。语言要求:汉语授课专业须提供HSK成绩报告(各专业最低要求不同,从HSK五级180分到HSK六级220分不等,详见招生专业目录;中等教育阶段必修课程为汉语授课者可凭初高中汉语授课证明免交);英语授课专业须提供TOEFL/IELTS等英语水平证明(母语为英语者无须提供;临床医学/生物医学工程英文轨道要求雅思≥6.0或托福网考≥75等,传播学(全球传播与管理)要求雅思≥6.5或托福≥80)。自2026/2027学年起所有本科申请人均须提供有效的来华留学本科入学学业水平测试(CSCA)成绩单,各专业考试科目(文科/理科中文、数学、物理、化学)及试卷语种见招生专业目录(汉语授课专业考中文试卷,英语授课专业考英语试卷)。申请期2025年12月1日至2026年2月28日;部分专业(汉语言(国际学生)及全部英语授课专业)截止2026年5月31日。须缴纳申请费800元,未缴费申请无效。
cmtuqgwtl00g94gyx4ciybi0x	requirementsRu	持外国普通护照的非中国籍公民(须符合教育部教外函〔2020〕12号文件规定);25周岁以下,已高中毕业(应届可提供预毕业证明,最迟入学前取得高中毕业证书);身心健康、品学兼优、无违法犯罪记录。语言要求:汉语授课专业须提供HSK成绩报告(各专业最低要求不同,从HSK五级180分到HSK六级220分不等,详见招生专业目录;中等教育阶段必修课程为汉语授课者可凭初高中汉语授课证明免交);英语授课专业须提供TOEFL/IELTS等英语水平证明(母语为英语者无须提供;临床医学/生物医学工程英文轨道要求雅思≥6.0或托福网考≥75等,传播学(全球传播与管理)要求雅思≥6.5或托福≥80)。自2026/2027学年起所有本科申请人均须提供有效的来华留学本科入学学业水平测试(CSCA)成绩单,各专业考试科目(文科/理科中文、数学、物理、化学)及试卷语种见招生专业目录(汉语授课专业考中文试卷,英语授课专业考英语试卷)。申请期2025年12月1日至2026年2月28日;部分专业(汉语言(国际学生)及全部英语授课专业)截止2026年5月31日。须缴纳申请费800元,未缴费申请无效。
cmtuqgwto00ga4gyx6jtv72qu	requirementsRu	持外国普通护照的非中国籍公民(须符合教育部教外函〔2020〕12号文件规定);25周岁以下,已高中毕业(应届可提供预毕业证明,最迟入学前取得高中毕业证书);身心健康、品学兼优、无违法犯罪记录。语言要求:汉语授课专业须提供HSK成绩报告(各专业最低要求不同,从HSK五级180分到HSK六级220分不等,详见招生专业目录;中等教育阶段必修课程为汉语授课者可凭初高中汉语授课证明免交);英语授课专业须提供TOEFL/IELTS等英语水平证明(母语为英语者无须提供;临床医学/生物医学工程英文轨道要求雅思≥6.0或托福网考≥75等,传播学(全球传播与管理)要求雅思≥6.5或托福≥80)。自2026/2027学年起所有本科申请人均须提供有效的来华留学本科入学学业水平测试(CSCA)成绩单,各专业考试科目(文科/理科中文、数学、物理、化学)及试卷语种见招生专业目录(汉语授课专业考中文试卷,英语授课专业考英语试卷)。申请期2025年12月1日至2026年2月28日;部分专业(汉语言(国际学生)及全部英语授课专业)截止2026年5月31日。须缴纳申请费800元,未缴费申请无效。
cmtuqgwts00gb4gyx4ds3200j	requirementsRu	持外国普通护照的非中国籍公民(须符合教育部教外函〔2020〕12号文件规定);25周岁以下,已高中毕业(应届可提供预毕业证明,最迟入学前取得高中毕业证书);身心健康、品学兼优、无违法犯罪记录。语言要求:汉语授课专业须提供HSK成绩报告(各专业最低要求不同,从HSK五级180分到HSK六级220分不等,详见招生专业目录;中等教育阶段必修课程为汉语授课者可凭初高中汉语授课证明免交);英语授课专业须提供TOEFL/IELTS等英语水平证明(母语为英语者无须提供;临床医学/生物医学工程英文轨道要求雅思≥6.0或托福网考≥75等,传播学(全球传播与管理)要求雅思≥6.5或托福≥80)。自2026/2027学年起所有本科申请人均须提供有效的来华留学本科入学学业水平测试(CSCA)成绩单,各专业考试科目(文科/理科中文、数学、物理、化学)及试卷语种见招生专业目录(汉语授课专业考中文试卷,英语授课专业考英语试卷)。申请期2025年12月1日至2026年2月28日;部分专业(汉语言(国际学生)及全部英语授课专业)截止2026年5月31日。须缴纳申请费800元,未缴费申请无效。
cmtuqgwtv00gc4gyx2jxckhs9	requirementsRu	持外国普通护照的非中国籍公民(须符合教育部教外函〔2020〕12号文件规定);25周岁以下,已高中毕业(应届可提供预毕业证明,最迟入学前取得高中毕业证书);身心健康、品学兼优、无违法犯罪记录。语言要求:汉语授课专业须提供HSK成绩报告(各专业最低要求不同,从HSK五级180分到HSK六级220分不等,详见招生专业目录;中等教育阶段必修课程为汉语授课者可凭初高中汉语授课证明免交);英语授课专业须提供TOEFL/IELTS等英语水平证明(母语为英语者无须提供;临床医学/生物医学工程英文轨道要求雅思≥6.0或托福网考≥75等,传播学(全球传播与管理)要求雅思≥6.5或托福≥80)。自2026/2027学年起所有本科申请人均须提供有效的来华留学本科入学学业水平测试(CSCA)成绩单,各专业考试科目(文科/理科中文、数学、物理、化学)及试卷语种见招生专业目录(汉语授课专业考中文试卷,英语授课专业考英语试卷)。申请期2025年12月1日至2026年2月28日;部分专业(汉语言(国际学生)及全部英语授课专业)截止2026年5月31日。须缴纳申请费800元,未缴费申请无效。
cmtuqgwty00gd4gyxehd55p4p	requirementsRu	持外国普通护照的非中国籍公民(须符合教育部教外函〔2020〕12号文件规定);25周岁以下,已高中毕业(应届可提供预毕业证明,最迟入学前取得高中毕业证书);身心健康、品学兼优、无违法犯罪记录。语言要求:汉语授课专业须提供HSK成绩报告(各专业最低要求不同,从HSK五级180分到HSK六级220分不等,详见招生专业目录;中等教育阶段必修课程为汉语授课者可凭初高中汉语授课证明免交);英语授课专业须提供TOEFL/IELTS等英语水平证明(母语为英语者无须提供;临床医学/生物医学工程英文轨道要求雅思≥6.0或托福网考≥75等,传播学(全球传播与管理)要求雅思≥6.5或托福≥80)。自2026/2027学年起所有本科申请人均须提供有效的来华留学本科入学学业水平测试(CSCA)成绩单,各专业考试科目(文科/理科中文、数学、物理、化学)及试卷语种见招生专业目录(汉语授课专业考中文试卷,英语授课专业考英语试卷)。申请期2025年12月1日至2026年2月28日;部分专业(汉语言(国际学生)及全部英语授课专业)截止2026年5月31日。须缴纳申请费800元,未缴费申请无效。
cmtuqgwu100ge4gyx8d7vtzod	requirementsRu	持外国普通护照的非中国籍公民(须符合教育部教外函〔2020〕12号文件规定);25周岁以下,已高中毕业(应届可提供预毕业证明,最迟入学前取得高中毕业证书);身心健康、品学兼优、无违法犯罪记录。语言要求:汉语授课专业须提供HSK成绩报告(各专业最低要求不同,从HSK五级180分到HSK六级220分不等,详见招生专业目录;中等教育阶段必修课程为汉语授课者可凭初高中汉语授课证明免交);英语授课专业须提供TOEFL/IELTS等英语水平证明(母语为英语者无须提供;临床医学/生物医学工程英文轨道要求雅思≥6.0或托福网考≥75等,传播学(全球传播与管理)要求雅思≥6.5或托福≥80)。自2026/2027学年起所有本科申请人均须提供有效的来华留学本科入学学业水平测试(CSCA)成绩单,各专业考试科目(文科/理科中文、数学、物理、化学)及试卷语种见招生专业目录(汉语授课专业考中文试卷,英语授课专业考英语试卷)。申请期2025年12月1日至2026年2月28日;部分专业(汉语言(国际学生)及全部英语授课专业)截止2026年5月31日。须缴纳申请费800元,未缴费申请无效。
cmtuqgwu400gf4gyx8j1051kl	requirementsRu	持外国普通护照的非中国籍公民(须符合教育部教外函〔2020〕12号文件规定);25周岁以下,已高中毕业(应届可提供预毕业证明,最迟入学前取得高中毕业证书);身心健康、品学兼优、无违法犯罪记录。语言要求:汉语授课专业须提供HSK成绩报告(各专业最低要求不同,从HSK五级180分到HSK六级220分不等,详见招生专业目录;中等教育阶段必修课程为汉语授课者可凭初高中汉语授课证明免交);英语授课专业须提供TOEFL/IELTS等英语水平证明(母语为英语者无须提供;临床医学/生物医学工程英文轨道要求雅思≥6.0或托福网考≥75等,传播学(全球传播与管理)要求雅思≥6.5或托福≥80)。自2026/2027学年起所有本科申请人均须提供有效的来华留学本科入学学业水平测试(CSCA)成绩单,各专业考试科目(文科/理科中文、数学、物理、化学)及试卷语种见招生专业目录(汉语授课专业考中文试卷,英语授课专业考英语试卷)。申请期2025年12月1日至2026年2月28日;部分专业(汉语言(国际学生)及全部英语授课专业)截止2026年5月31日。须缴纳申请费800元,未缴费申请无效。
cmtuqgwu700gg4gyx9gv3eij6	requirementsRu	持外国普通护照的非中国籍公民(须符合教育部教外函〔2020〕12号文件规定);25周岁以下,已高中毕业(应届可提供预毕业证明,最迟入学前取得高中毕业证书);身心健康、品学兼优、无违法犯罪记录。语言要求:汉语授课专业须提供HSK成绩报告(各专业最低要求不同,从HSK五级180分到HSK六级220分不等,详见招生专业目录;中等教育阶段必修课程为汉语授课者可凭初高中汉语授课证明免交);英语授课专业须提供TOEFL/IELTS等英语水平证明(母语为英语者无须提供;临床医学/生物医学工程英文轨道要求雅思≥6.0或托福网考≥75等,传播学(全球传播与管理)要求雅思≥6.5或托福≥80)。自2026/2027学年起所有本科申请人均须提供有效的来华留学本科入学学业水平测试(CSCA)成绩单,各专业考试科目(文科/理科中文、数学、物理、化学)及试卷语种见招生专业目录(汉语授课专业考中文试卷,英语授课专业考英语试卷)。申请期2025年12月1日至2026年2月28日;部分专业(汉语言(国际学生)及全部英语授课专业)截止2026年5月31日。须缴纳申请费800元,未缴费申请无效。
cmtuqgwub00gh4gyxrm6h6bxw	requirementsRu	持外国普通护照的非中国籍公民(须符合教育部教外函〔2020〕12号文件规定);25周岁以下,已高中毕业(应届可提供预毕业证明,最迟入学前取得高中毕业证书);身心健康、品学兼优、无违法犯罪记录。语言要求:汉语授课专业须提供HSK成绩报告(各专业最低要求不同,从HSK五级180分到HSK六级220分不等,详见招生专业目录;中等教育阶段必修课程为汉语授课者可凭初高中汉语授课证明免交);英语授课专业须提供TOEFL/IELTS等英语水平证明(母语为英语者无须提供;临床医学/生物医学工程英文轨道要求雅思≥6.0或托福网考≥75等,传播学(全球传播与管理)要求雅思≥6.5或托福≥80)。自2026/2027学年起所有本科申请人均须提供有效的来华留学本科入学学业水平测试(CSCA)成绩单,各专业考试科目(文科/理科中文、数学、物理、化学)及试卷语种见招生专业目录(汉语授课专业考中文试卷,英语授课专业考英语试卷)。申请期2025年12月1日至2026年2月28日;部分专业(汉语言(国际学生)及全部英语授课专业)截止2026年5月31日。须缴纳申请费800元,未缴费申请无效。
cmtuqgwuf00gi4gyxqnsbvg5l	requirementsRu	持外国普通护照的非中国籍公民(须符合教育部教外函〔2020〕12号文件规定);25周岁以下,已高中毕业(应届可提供预毕业证明,最迟入学前取得高中毕业证书);身心健康、品学兼优、无违法犯罪记录。语言要求:汉语授课专业须提供HSK成绩报告(各专业最低要求不同,从HSK五级180分到HSK六级220分不等,详见招生专业目录;中等教育阶段必修课程为汉语授课者可凭初高中汉语授课证明免交);英语授课专业须提供TOEFL/IELTS等英语水平证明(母语为英语者无须提供;临床医学/生物医学工程英文轨道要求雅思≥6.0或托福网考≥75等,传播学(全球传播与管理)要求雅思≥6.5或托福≥80)。自2026/2027学年起所有本科申请人均须提供有效的来华留学本科入学学业水平测试(CSCA)成绩单,各专业考试科目(文科/理科中文、数学、物理、化学)及试卷语种见招生专业目录(汉语授课专业考中文试卷,英语授课专业考英语试卷)。申请期2025年12月1日至2026年2月28日;部分专业(汉语言(国际学生)及全部英语授课专业)截止2026年5月31日。须缴纳申请费800元,未缴费申请无效。
cmtuqgwui00gj4gyxrqw40nxo	requirementsRu	持外国普通护照的非中国籍公民(须符合教育部教外函〔2020〕12号文件规定);25周岁以下,已高中毕业(应届可提供预毕业证明,最迟入学前取得高中毕业证书);身心健康、品学兼优、无违法犯罪记录。语言要求:汉语授课专业须提供HSK成绩报告(各专业最低要求不同,从HSK五级180分到HSK六级220分不等,详见招生专业目录;中等教育阶段必修课程为汉语授课者可凭初高中汉语授课证明免交);英语授课专业须提供TOEFL/IELTS等英语水平证明(母语为英语者无须提供;临床医学/生物医学工程英文轨道要求雅思≥6.0或托福网考≥75等,传播学(全球传播与管理)要求雅思≥6.5或托福≥80)。自2026/2027学年起所有本科申请人均须提供有效的来华留学本科入学学业水平测试(CSCA)成绩单,各专业考试科目(文科/理科中文、数学、物理、化学)及试卷语种见招生专业目录(汉语授课专业考中文试卷,英语授课专业考英语试卷)。申请期2025年12月1日至2026年2月28日;部分专业(汉语言(国际学生)及全部英语授课专业)截止2026年5月31日。须缴纳申请费800元,未缴费申请无效。
cmtuqgwul00gk4gyxwxj1u8th	requirementsRu	持外国普通护照的非中国籍公民(须符合教育部教外函〔2020〕12号文件规定);25周岁以下,已高中毕业(应届可提供预毕业证明,最迟入学前取得高中毕业证书);身心健康、品学兼优、无违法犯罪记录。语言要求:汉语授课专业须提供HSK成绩报告(各专业最低要求不同,从HSK五级180分到HSK六级220分不等,详见招生专业目录;中等教育阶段必修课程为汉语授课者可凭初高中汉语授课证明免交);英语授课专业须提供TOEFL/IELTS等英语水平证明(母语为英语者无须提供;临床医学/生物医学工程英文轨道要求雅思≥6.0或托福网考≥75等,传播学(全球传播与管理)要求雅思≥6.5或托福≥80)。自2026/2027学年起所有本科申请人均须提供有效的来华留学本科入学学业水平测试(CSCA)成绩单,各专业考试科目(文科/理科中文、数学、物理、化学)及试卷语种见招生专业目录(汉语授课专业考中文试卷,英语授课专业考英语试卷)。申请期2025年12月1日至2026年2月28日;部分专业(汉语言(国际学生)及全部英语授课专业)截止2026年5月31日。须缴纳申请费800元,未缴费申请无效。
cmtuqgwup00gl4gyx9zlugq9j	requirementsRu	持外国普通护照的非中国籍公民(须符合教育部教外函〔2020〕12号文件规定);25周岁以下,已高中毕业(应届可提供预毕业证明,最迟入学前取得高中毕业证书);身心健康、品学兼优、无违法犯罪记录。语言要求:汉语授课专业须提供HSK成绩报告(各专业最低要求不同,从HSK五级180分到HSK六级220分不等,详见招生专业目录;中等教育阶段必修课程为汉语授课者可凭初高中汉语授课证明免交);英语授课专业须提供TOEFL/IELTS等英语水平证明(母语为英语者无须提供;临床医学/生物医学工程英文轨道要求雅思≥6.0或托福网考≥75等,传播学(全球传播与管理)要求雅思≥6.5或托福≥80)。自2026/2027学年起所有本科申请人均须提供有效的来华留学本科入学学业水平测试(CSCA)成绩单,各专业考试科目(文科/理科中文、数学、物理、化学)及试卷语种见招生专业目录(汉语授课专业考中文试卷,英语授课专业考英语试卷)。申请期2025年12月1日至2026年2月28日;部分专业(汉语言(国际学生)及全部英语授课专业)截止2026年5月31日。须缴纳申请费800元,未缴费申请无效。
cmtuqgwus00gm4gyxf2n8wpho	requirementsRu	持外国普通护照的非中国籍公民(须符合教育部教外函〔2020〕12号文件规定);25周岁以下,已高中毕业(应届可提供预毕业证明,最迟入学前取得高中毕业证书);身心健康、品学兼优、无违法犯罪记录。语言要求:汉语授课专业须提供HSK成绩报告(各专业最低要求不同,从HSK五级180分到HSK六级220分不等,详见招生专业目录;中等教育阶段必修课程为汉语授课者可凭初高中汉语授课证明免交);英语授课专业须提供TOEFL/IELTS等英语水平证明(母语为英语者无须提供;临床医学/生物医学工程英文轨道要求雅思≥6.0或托福网考≥75等,传播学(全球传播与管理)要求雅思≥6.5或托福≥80)。自2026/2027学年起所有本科申请人均须提供有效的来华留学本科入学学业水平测试(CSCA)成绩单,各专业考试科目(文科/理科中文、数学、物理、化学)及试卷语种见招生专业目录(汉语授课专业考中文试卷,英语授课专业考英语试卷)。申请期2025年12月1日至2026年2月28日;部分专业(汉语言(国际学生)及全部英语授课专业)截止2026年5月31日。须缴纳申请费800元,未缴费申请无效。
cmtuqgwuv00gn4gyxgqzu01qo	requirementsRu	持外国普通护照的非中国籍公民(须符合教育部教外函〔2020〕12号文件规定);25周岁以下,已高中毕业(应届可提供预毕业证明,最迟入学前取得高中毕业证书);身心健康、品学兼优、无违法犯罪记录。语言要求:汉语授课专业须提供HSK成绩报告(各专业最低要求不同,从HSK五级180分到HSK六级220分不等,详见招生专业目录;中等教育阶段必修课程为汉语授课者可凭初高中汉语授课证明免交);英语授课专业须提供TOEFL/IELTS等英语水平证明(母语为英语者无须提供;临床医学/生物医学工程英文轨道要求雅思≥6.0或托福网考≥75等,传播学(全球传播与管理)要求雅思≥6.5或托福≥80)。自2026/2027学年起所有本科申请人均须提供有效的来华留学本科入学学业水平测试(CSCA)成绩单,各专业考试科目(文科/理科中文、数学、物理、化学)及试卷语种见招生专业目录(汉语授课专业考中文试卷,英语授课专业考英语试卷)。申请期2025年12月1日至2026年2月28日;部分专业(汉语言(国际学生)及全部英语授课专业)截止2026年5月31日。须缴纳申请费800元,未缴费申请无效。
cmtuqgwuy00go4gyx8crrm5xd	requirementsRu	持外国普通护照的非中国籍公民(须符合教育部教外函〔2020〕12号文件规定);25周岁以下,已高中毕业(应届可提供预毕业证明,最迟入学前取得高中毕业证书);身心健康、品学兼优、无违法犯罪记录。语言要求:汉语授课专业须提供HSK成绩报告(各专业最低要求不同,从HSK五级180分到HSK六级220分不等,详见招生专业目录;中等教育阶段必修课程为汉语授课者可凭初高中汉语授课证明免交);英语授课专业须提供TOEFL/IELTS等英语水平证明(母语为英语者无须提供;临床医学/生物医学工程英文轨道要求雅思≥6.0或托福网考≥75等,传播学(全球传播与管理)要求雅思≥6.5或托福≥80)。自2026/2027学年起所有本科申请人均须提供有效的来华留学本科入学学业水平测试(CSCA)成绩单,各专业考试科目(文科/理科中文、数学、物理、化学)及试卷语种见招生专业目录(汉语授课专业考中文试卷,英语授课专业考英语试卷)。申请期2025年12月1日至2026年2月28日;部分专业(汉语言(国际学生)及全部英语授课专业)截止2026年5月31日。须缴纳申请费800元,未缴费申请无效。
cmtuqgwv200gp4gyxgnp8x5bp	requirementsRu	持外国普通护照的非中国籍公民(须符合教育部教外函〔2020〕12号文件规定);25周岁以下,已高中毕业(应届可提供预毕业证明,最迟入学前取得高中毕业证书);身心健康、品学兼优、无违法犯罪记录。语言要求:汉语授课专业须提供HSK成绩报告(各专业最低要求不同,从HSK五级180分到HSK六级220分不等,详见招生专业目录;中等教育阶段必修课程为汉语授课者可凭初高中汉语授课证明免交);英语授课专业须提供TOEFL/IELTS等英语水平证明(母语为英语者无须提供;临床医学/生物医学工程英文轨道要求雅思≥6.0或托福网考≥75等,传播学(全球传播与管理)要求雅思≥6.5或托福≥80)。自2026/2027学年起所有本科申请人均须提供有效的来华留学本科入学学业水平测试(CSCA)成绩单,各专业考试科目(文科/理科中文、数学、物理、化学)及试卷语种见招生专业目录(汉语授课专业考中文试卷,英语授课专业考英语试卷)。申请期2025年12月1日至2026年2月28日;部分专业(汉语言(国际学生)及全部英语授课专业)截止2026年5月31日。须缴纳申请费800元,未缴费申请无效。
cmtuqgwv600gq4gyxzoebypxp	requirementsRu	持外国普通护照的非中国籍公民(须符合教育部教外函〔2020〕12号文件规定);25周岁以下,已高中毕业(应届可提供预毕业证明,最迟入学前取得高中毕业证书);身心健康、品学兼优、无违法犯罪记录。语言要求:汉语授课专业须提供HSK成绩报告(各专业最低要求不同,从HSK五级180分到HSK六级220分不等,详见招生专业目录;中等教育阶段必修课程为汉语授课者可凭初高中汉语授课证明免交);英语授课专业须提供TOEFL/IELTS等英语水平证明(母语为英语者无须提供;临床医学/生物医学工程英文轨道要求雅思≥6.0或托福网考≥75等,传播学(全球传播与管理)要求雅思≥6.5或托福≥80)。自2026/2027学年起所有本科申请人均须提供有效的来华留学本科入学学业水平测试(CSCA)成绩单,各专业考试科目(文科/理科中文、数学、物理、化学)及试卷语种见招生专业目录(汉语授课专业考中文试卷,英语授课专业考英语试卷)。申请期2025年12月1日至2026年2月28日;部分专业(汉语言(国际学生)及全部英语授课专业)截止2026年5月31日。须缴纳申请费800元,未缴费申请无效。
cmtuqgwva00gr4gyx2li6zwu3	requirementsRu	持外国普通护照的非中国籍公民(须符合教育部教外函〔2020〕12号文件规定);25周岁以下,已高中毕业(应届可提供预毕业证明,最迟入学前取得高中毕业证书);身心健康、品学兼优、无违法犯罪记录。语言要求:汉语授课专业须提供HSK成绩报告(各专业最低要求不同,从HSK五级180分到HSK六级220分不等,详见招生专业目录;中等教育阶段必修课程为汉语授课者可凭初高中汉语授课证明免交);英语授课专业须提供TOEFL/IELTS等英语水平证明(母语为英语者无须提供;临床医学/生物医学工程英文轨道要求雅思≥6.0或托福网考≥75等,传播学(全球传播与管理)要求雅思≥6.5或托福≥80)。自2026/2027学年起所有本科申请人均须提供有效的来华留学本科入学学业水平测试(CSCA)成绩单,各专业考试科目(文科/理科中文、数学、物理、化学)及试卷语种见招生专业目录(汉语授课专业考中文试卷,英语授课专业考英语试卷)。申请期2025年12月1日至2026年2月28日;部分专业(汉语言(国际学生)及全部英语授课专业)截止2026年5月31日。须缴纳申请费800元,未缴费申请无效。
cmtuqgwvd00gs4gyxswpc9zoz	requirementsRu	持外国普通护照的非中国籍公民(须符合教育部教外函〔2020〕12号文件规定);25周岁以下,已高中毕业(应届可提供预毕业证明,最迟入学前取得高中毕业证书);身心健康、品学兼优、无违法犯罪记录。语言要求:汉语授课专业须提供HSK成绩报告(各专业最低要求不同,从HSK五级180分到HSK六级220分不等,详见招生专业目录;中等教育阶段必修课程为汉语授课者可凭初高中汉语授课证明免交);英语授课专业须提供TOEFL/IELTS等英语水平证明(母语为英语者无须提供;临床医学/生物医学工程英文轨道要求雅思≥6.0或托福网考≥75等,传播学(全球传播与管理)要求雅思≥6.5或托福≥80)。自2026/2027学年起所有本科申请人均须提供有效的来华留学本科入学学业水平测试(CSCA)成绩单,各专业考试科目(文科/理科中文、数学、物理、化学)及试卷语种见招生专业目录(汉语授课专业考中文试卷,英语授课专业考英语试卷)。申请期2025年12月1日至2026年2月28日;部分专业(汉语言(国际学生)及全部英语授课专业)截止2026年5月31日。须缴纳申请费800元,未缴费申请无效。
cmtuqgwvg00gt4gyx5060fu37	requirementsRu	持外国普通护照的非中国籍公民(须符合教育部教外函〔2020〕12号文件规定);25周岁以下,已高中毕业(应届可提供预毕业证明,最迟入学前取得高中毕业证书);身心健康、品学兼优、无违法犯罪记录。语言要求:汉语授课专业须提供HSK成绩报告(各专业最低要求不同,从HSK五级180分到HSK六级220分不等,详见招生专业目录;中等教育阶段必修课程为汉语授课者可凭初高中汉语授课证明免交);英语授课专业须提供TOEFL/IELTS等英语水平证明(母语为英语者无须提供;临床医学/生物医学工程英文轨道要求雅思≥6.0或托福网考≥75等,传播学(全球传播与管理)要求雅思≥6.5或托福≥80)。自2026/2027学年起所有本科申请人均须提供有效的来华留学本科入学学业水平测试(CSCA)成绩单,各专业考试科目(文科/理科中文、数学、物理、化学)及试卷语种见招生专业目录(汉语授课专业考中文试卷,英语授课专业考英语试卷)。申请期2025年12月1日至2026年2月28日;部分专业(汉语言(国际学生)及全部英语授课专业)截止2026年5月31日。须缴纳申请费800元,未缴费申请无效。
cmtuqgwb500br4gyx0ow4o6g4	scholarshipNoteRu	据简章附件三:中国政府奖学金-国别双边项目(2025年12月初至2026年5月,经本国留学生派遣部门/中国驻当地使领馆申请);国际中文教师奖学金(2026年3月初至5月初,chinese.cn与武大申请网站双通道);欧盟之窗奖学金(2025年12月至2026年2月,面向欧盟成员国学生);沙特阿拉伯国王奖学金(2025年11月1日至2026年5月30日,面向沙特籍本科申请者,优先预科生);留学武大——学历/进修生新生奖学金(面向自费优秀本科新生,随申请材料一并提交)。各奖学金具体名额与条件以当年通知为准。
cmtuqgwb900bs4gyxep9h3z13	scholarshipNoteRu	据简章附件三:中国政府奖学金-国别双边项目(2025年12月初至2026年5月,经本国留学生派遣部门/中国驻当地使领馆申请);国际中文教师奖学金(2026年3月初至5月初,chinese.cn与武大申请网站双通道);欧盟之窗奖学金(2025年12月至2026年2月,面向欧盟成员国学生);沙特阿拉伯国王奖学金(2025年11月1日至2026年5月30日,面向沙特籍本科申请者,优先预科生);留学武大——学历/进修生新生奖学金(面向自费优秀本科新生,随申请材料一并提交)。各奖学金具体名额与条件以当年通知为准。
cmtuqgwbd00bt4gyx14kjlwlb	scholarshipNoteRu	据简章附件三:中国政府奖学金-国别双边项目(2025年12月初至2026年5月,经本国留学生派遣部门/中国驻当地使领馆申请);国际中文教师奖学金(2026年3月初至5月初,chinese.cn与武大申请网站双通道);欧盟之窗奖学金(2025年12月至2026年2月,面向欧盟成员国学生);沙特阿拉伯国王奖学金(2025年11月1日至2026年5月30日,面向沙特籍本科申请者,优先预科生);留学武大——学历/进修生新生奖学金(面向自费优秀本科新生,随申请材料一并提交)。各奖学金具体名额与条件以当年通知为准。
cmtuqgwbg00bu4gyxm7bpar8p	scholarshipNoteRu	据简章附件三:中国政府奖学金-国别双边项目(2025年12月初至2026年5月,经本国留学生派遣部门/中国驻当地使领馆申请);国际中文教师奖学金(2026年3月初至5月初,chinese.cn与武大申请网站双通道);欧盟之窗奖学金(2025年12月至2026年2月,面向欧盟成员国学生);沙特阿拉伯国王奖学金(2025年11月1日至2026年5月30日,面向沙特籍本科申请者,优先预科生);留学武大——学历/进修生新生奖学金(面向自费优秀本科新生,随申请材料一并提交)。各奖学金具体名额与条件以当年通知为准。
cmtuqgwbj00bv4gyx5611urcw	scholarshipNoteRu	据简章附件三:中国政府奖学金-国别双边项目(2025年12月初至2026年5月,经本国留学生派遣部门/中国驻当地使领馆申请);国际中文教师奖学金(2026年3月初至5月初,chinese.cn与武大申请网站双通道);欧盟之窗奖学金(2025年12月至2026年2月,面向欧盟成员国学生);沙特阿拉伯国王奖学金(2025年11月1日至2026年5月30日,面向沙特籍本科申请者,优先预科生);留学武大——学历/进修生新生奖学金(面向自费优秀本科新生,随申请材料一并提交)。各奖学金具体名额与条件以当年通知为准。
cmtuqgwbn00bw4gyx5za72h2t	scholarshipNoteRu	据简章附件三:中国政府奖学金-国别双边项目(2025年12月初至2026年5月,经本国留学生派遣部门/中国驻当地使领馆申请);国际中文教师奖学金(2026年3月初至5月初,chinese.cn与武大申请网站双通道);欧盟之窗奖学金(2025年12月至2026年2月,面向欧盟成员国学生);沙特阿拉伯国王奖学金(2025年11月1日至2026年5月30日,面向沙特籍本科申请者,优先预科生);留学武大——学历/进修生新生奖学金(面向自费优秀本科新生,随申请材料一并提交)。各奖学金具体名额与条件以当年通知为准。
cmtuqgwbr00bx4gyxh1vysigq	scholarshipNoteRu	据简章附件三:中国政府奖学金-国别双边项目(2025年12月初至2026年5月,经本国留学生派遣部门/中国驻当地使领馆申请);国际中文教师奖学金(2026年3月初至5月初,chinese.cn与武大申请网站双通道);欧盟之窗奖学金(2025年12月至2026年2月,面向欧盟成员国学生);沙特阿拉伯国王奖学金(2025年11月1日至2026年5月30日,面向沙特籍本科申请者,优先预科生);留学武大——学历/进修生新生奖学金(面向自费优秀本科新生,随申请材料一并提交)。各奖学金具体名额与条件以当年通知为准。
cmtuqgwbv00by4gyxe95wz2r8	scholarshipNoteRu	据简章附件三:中国政府奖学金-国别双边项目(2025年12月初至2026年5月,经本国留学生派遣部门/中国驻当地使领馆申请);国际中文教师奖学金(2026年3月初至5月初,chinese.cn与武大申请网站双通道);欧盟之窗奖学金(2025年12月至2026年2月,面向欧盟成员国学生);沙特阿拉伯国王奖学金(2025年11月1日至2026年5月30日,面向沙特籍本科申请者,优先预科生);留学武大——学历/进修生新生奖学金(面向自费优秀本科新生,随申请材料一并提交)。各奖学金具体名额与条件以当年通知为准。
cmtuqgwbz00bz4gyxkgoefqd4	scholarshipNoteRu	据简章附件三:中国政府奖学金-国别双边项目(2025年12月初至2026年5月,经本国留学生派遣部门/中国驻当地使领馆申请);国际中文教师奖学金(2026年3月初至5月初,chinese.cn与武大申请网站双通道);欧盟之窗奖学金(2025年12月至2026年2月,面向欧盟成员国学生);沙特阿拉伯国王奖学金(2025年11月1日至2026年5月30日,面向沙特籍本科申请者,优先预科生);留学武大——学历/进修生新生奖学金(面向自费优秀本科新生,随申请材料一并提交)。各奖学金具体名额与条件以当年通知为准。
cmtuqgwc300c04gyx4kwn1p0t	scholarshipNoteRu	据简章附件三:中国政府奖学金-国别双边项目(2025年12月初至2026年5月,经本国留学生派遣部门/中国驻当地使领馆申请);国际中文教师奖学金(2026年3月初至5月初,chinese.cn与武大申请网站双通道);欧盟之窗奖学金(2025年12月至2026年2月,面向欧盟成员国学生);沙特阿拉伯国王奖学金(2025年11月1日至2026年5月30日,面向沙特籍本科申请者,优先预科生);留学武大——学历/进修生新生奖学金(面向自费优秀本科新生,随申请材料一并提交)。各奖学金具体名额与条件以当年通知为准。
cmtuqgwc700c14gyxv724qd9m	scholarshipNoteRu	据简章附件三:中国政府奖学金-国别双边项目(2025年12月初至2026年5月,经本国留学生派遣部门/中国驻当地使领馆申请);国际中文教师奖学金(2026年3月初至5月初,chinese.cn与武大申请网站双通道);欧盟之窗奖学金(2025年12月至2026年2月,面向欧盟成员国学生);沙特阿拉伯国王奖学金(2025年11月1日至2026年5月30日,面向沙特籍本科申请者,优先预科生);留学武大——学历/进修生新生奖学金(面向自费优秀本科新生,随申请材料一并提交)。各奖学金具体名额与条件以当年通知为准。
cmtuqgwcb00c24gyxbvu86btl	scholarshipNoteRu	据简章附件三:中国政府奖学金-国别双边项目(2025年12月初至2026年5月,经本国留学生派遣部门/中国驻当地使领馆申请);国际中文教师奖学金(2026年3月初至5月初,chinese.cn与武大申请网站双通道);欧盟之窗奖学金(2025年12月至2026年2月,面向欧盟成员国学生);沙特阿拉伯国王奖学金(2025年11月1日至2026年5月30日,面向沙特籍本科申请者,优先预科生);留学武大——学历/进修生新生奖学金(面向自费优秀本科新生,随申请材料一并提交)。各奖学金具体名额与条件以当年通知为准。
cmtuqgwcf00c34gyxyo0ogajj	scholarshipNoteRu	据简章附件三:中国政府奖学金-国别双边项目(2025年12月初至2026年5月,经本国留学生派遣部门/中国驻当地使领馆申请);国际中文教师奖学金(2026年3月初至5月初,chinese.cn与武大申请网站双通道);欧盟之窗奖学金(2025年12月至2026年2月,面向欧盟成员国学生);沙特阿拉伯国王奖学金(2025年11月1日至2026年5月30日,面向沙特籍本科申请者,优先预科生);留学武大——学历/进修生新生奖学金(面向自费优秀本科新生,随申请材料一并提交)。各奖学金具体名额与条件以当年通知为准。
cmtuqgwcj00c44gyxqbrou29s	scholarshipNoteRu	据简章附件三:中国政府奖学金-国别双边项目(2025年12月初至2026年5月,经本国留学生派遣部门/中国驻当地使领馆申请);国际中文教师奖学金(2026年3月初至5月初,chinese.cn与武大申请网站双通道);欧盟之窗奖学金(2025年12月至2026年2月,面向欧盟成员国学生);沙特阿拉伯国王奖学金(2025年11月1日至2026年5月30日,面向沙特籍本科申请者,优先预科生);留学武大——学历/进修生新生奖学金(面向自费优秀本科新生,随申请材料一并提交)。各奖学金具体名额与条件以当年通知为准。
cmtuqgwcn00c54gyx3ogy4ur4	scholarshipNoteRu	据简章附件三:中国政府奖学金-国别双边项目(2025年12月初至2026年5月,经本国留学生派遣部门/中国驻当地使领馆申请);国际中文教师奖学金(2026年3月初至5月初,chinese.cn与武大申请网站双通道);欧盟之窗奖学金(2025年12月至2026年2月,面向欧盟成员国学生);沙特阿拉伯国王奖学金(2025年11月1日至2026年5月30日,面向沙特籍本科申请者,优先预科生);留学武大——学历/进修生新生奖学金(面向自费优秀本科新生,随申请材料一并提交)。各奖学金具体名额与条件以当年通知为准。
cmtuqgwcq00c64gyxrpe2adb8	scholarshipNoteRu	据简章附件三:中国政府奖学金-国别双边项目(2025年12月初至2026年5月,经本国留学生派遣部门/中国驻当地使领馆申请);国际中文教师奖学金(2026年3月初至5月初,chinese.cn与武大申请网站双通道);欧盟之窗奖学金(2025年12月至2026年2月,面向欧盟成员国学生);沙特阿拉伯国王奖学金(2025年11月1日至2026年5月30日,面向沙特籍本科申请者,优先预科生);留学武大——学历/进修生新生奖学金(面向自费优秀本科新生,随申请材料一并提交)。各奖学金具体名额与条件以当年通知为准。
cmtuqgwcu00c74gyxai6w5usp	scholarshipNoteRu	据简章附件三:中国政府奖学金-国别双边项目(2025年12月初至2026年5月,经本国留学生派遣部门/中国驻当地使领馆申请);国际中文教师奖学金(2026年3月初至5月初,chinese.cn与武大申请网站双通道);欧盟之窗奖学金(2025年12月至2026年2月,面向欧盟成员国学生);沙特阿拉伯国王奖学金(2025年11月1日至2026年5月30日,面向沙特籍本科申请者,优先预科生);留学武大——学历/进修生新生奖学金(面向自费优秀本科新生,随申请材料一并提交)。各奖学金具体名额与条件以当年通知为准。
cmtuqgwcx00c84gyx5xzs8xpn	scholarshipNoteRu	据简章附件三:中国政府奖学金-国别双边项目(2025年12月初至2026年5月,经本国留学生派遣部门/中国驻当地使领馆申请);国际中文教师奖学金(2026年3月初至5月初,chinese.cn与武大申请网站双通道);欧盟之窗奖学金(2025年12月至2026年2月,面向欧盟成员国学生);沙特阿拉伯国王奖学金(2025年11月1日至2026年5月30日,面向沙特籍本科申请者,优先预科生);留学武大——学历/进修生新生奖学金(面向自费优秀本科新生,随申请材料一并提交)。各奖学金具体名额与条件以当年通知为准。
cmtuqgwd100c94gyxtds5i6in	scholarshipNoteRu	据简章附件三:中国政府奖学金-国别双边项目(2025年12月初至2026年5月,经本国留学生派遣部门/中国驻当地使领馆申请);国际中文教师奖学金(2026年3月初至5月初,chinese.cn与武大申请网站双通道);欧盟之窗奖学金(2025年12月至2026年2月,面向欧盟成员国学生);沙特阿拉伯国王奖学金(2025年11月1日至2026年5月30日,面向沙特籍本科申请者,优先预科生);留学武大——学历/进修生新生奖学金(面向自费优秀本科新生,随申请材料一并提交)。各奖学金具体名额与条件以当年通知为准。
cmtuqgwd400ca4gyxp056y4tv	scholarshipNoteRu	据简章附件三:中国政府奖学金-国别双边项目(2025年12月初至2026年5月,经本国留学生派遣部门/中国驻当地使领馆申请);国际中文教师奖学金(2026年3月初至5月初,chinese.cn与武大申请网站双通道);欧盟之窗奖学金(2025年12月至2026年2月,面向欧盟成员国学生);沙特阿拉伯国王奖学金(2025年11月1日至2026年5月30日,面向沙特籍本科申请者,优先预科生);留学武大——学历/进修生新生奖学金(面向自费优秀本科新生,随申请材料一并提交)。各奖学金具体名额与条件以当年通知为准。
cmtuqgwd800cb4gyx0b6eata6	scholarshipNoteRu	据简章附件三:中国政府奖学金-国别双边项目(2025年12月初至2026年5月,经本国留学生派遣部门/中国驻当地使领馆申请);国际中文教师奖学金(2026年3月初至5月初,chinese.cn与武大申请网站双通道);欧盟之窗奖学金(2025年12月至2026年2月,面向欧盟成员国学生);沙特阿拉伯国王奖学金(2025年11月1日至2026年5月30日,面向沙特籍本科申请者,优先预科生);留学武大——学历/进修生新生奖学金(面向自费优秀本科新生,随申请材料一并提交)。各奖学金具体名额与条件以当年通知为准。
cmtuqgwdc00cc4gyxnyt2h40n	scholarshipNoteRu	据简章附件三:中国政府奖学金-国别双边项目(2025年12月初至2026年5月,经本国留学生派遣部门/中国驻当地使领馆申请);国际中文教师奖学金(2026年3月初至5月初,chinese.cn与武大申请网站双通道);欧盟之窗奖学金(2025年12月至2026年2月,面向欧盟成员国学生);沙特阿拉伯国王奖学金(2025年11月1日至2026年5月30日,面向沙特籍本科申请者,优先预科生);留学武大——学历/进修生新生奖学金(面向自费优秀本科新生,随申请材料一并提交)。各奖学金具体名额与条件以当年通知为准。
cmtuqgwdg00cd4gyxb9o647zm	scholarshipNoteRu	据简章附件三:中国政府奖学金-国别双边项目(2025年12月初至2026年5月,经本国留学生派遣部门/中国驻当地使领馆申请);国际中文教师奖学金(2026年3月初至5月初,chinese.cn与武大申请网站双通道);欧盟之窗奖学金(2025年12月至2026年2月,面向欧盟成员国学生);沙特阿拉伯国王奖学金(2025年11月1日至2026年5月30日,面向沙特籍本科申请者,优先预科生);留学武大——学历/进修生新生奖学金(面向自费优秀本科新生,随申请材料一并提交)。各奖学金具体名额与条件以当年通知为准。
cmtuqgwdj00ce4gyxywo4rxz4	scholarshipNoteRu	据简章附件三:中国政府奖学金-国别双边项目(2025年12月初至2026年5月,经本国留学生派遣部门/中国驻当地使领馆申请);国际中文教师奖学金(2026年3月初至5月初,chinese.cn与武大申请网站双通道);欧盟之窗奖学金(2025年12月至2026年2月,面向欧盟成员国学生);沙特阿拉伯国王奖学金(2025年11月1日至2026年5月30日,面向沙特籍本科申请者,优先预科生);留学武大——学历/进修生新生奖学金(面向自费优秀本科新生,随申请材料一并提交)。各奖学金具体名额与条件以当年通知为准。
cmtuqgwdn00cf4gyxoakr96ps	scholarshipNoteRu	据简章附件三:中国政府奖学金-国别双边项目(2025年12月初至2026年5月,经本国留学生派遣部门/中国驻当地使领馆申请);国际中文教师奖学金(2026年3月初至5月初,chinese.cn与武大申请网站双通道);欧盟之窗奖学金(2025年12月至2026年2月,面向欧盟成员国学生);沙特阿拉伯国王奖学金(2025年11月1日至2026年5月30日,面向沙特籍本科申请者,优先预科生);留学武大——学历/进修生新生奖学金(面向自费优秀本科新生,随申请材料一并提交)。各奖学金具体名额与条件以当年通知为准。
cmtuqgwdq00cg4gyxiwtpv6at	scholarshipNoteRu	据简章附件三:中国政府奖学金-国别双边项目(2025年12月初至2026年5月,经本国留学生派遣部门/中国驻当地使领馆申请);国际中文教师奖学金(2026年3月初至5月初,chinese.cn与武大申请网站双通道);欧盟之窗奖学金(2025年12月至2026年2月,面向欧盟成员国学生);沙特阿拉伯国王奖学金(2025年11月1日至2026年5月30日,面向沙特籍本科申请者,优先预科生);留学武大——学历/进修生新生奖学金(面向自费优秀本科新生,随申请材料一并提交)。各奖学金具体名额与条件以当年通知为准。
cmtuqgwdu00ch4gyxu1wot5zk	scholarshipNoteRu	据简章附件三:中国政府奖学金-国别双边项目(2025年12月初至2026年5月,经本国留学生派遣部门/中国驻当地使领馆申请);国际中文教师奖学金(2026年3月初至5月初,chinese.cn与武大申请网站双通道);欧盟之窗奖学金(2025年12月至2026年2月,面向欧盟成员国学生);沙特阿拉伯国王奖学金(2025年11月1日至2026年5月30日,面向沙特籍本科申请者,优先预科生);留学武大——学历/进修生新生奖学金(面向自费优秀本科新生,随申请材料一并提交)。各奖学金具体名额与条件以当年通知为准。
cmtuqgwdz00ci4gyxict74m0y	scholarshipNoteRu	据简章附件三:中国政府奖学金-国别双边项目(2025年12月初至2026年5月,经本国留学生派遣部门/中国驻当地使领馆申请);国际中文教师奖学金(2026年3月初至5月初,chinese.cn与武大申请网站双通道);欧盟之窗奖学金(2025年12月至2026年2月,面向欧盟成员国学生);沙特阿拉伯国王奖学金(2025年11月1日至2026年5月30日,面向沙特籍本科申请者,优先预科生);留学武大——学历/进修生新生奖学金(面向自费优秀本科新生,随申请材料一并提交)。各奖学金具体名额与条件以当年通知为准。
cmtuqgwe300cj4gyxkq5d6fhz	scholarshipNoteRu	据简章附件三:中国政府奖学金-国别双边项目(2025年12月初至2026年5月,经本国留学生派遣部门/中国驻当地使领馆申请);国际中文教师奖学金(2026年3月初至5月初,chinese.cn与武大申请网站双通道);欧盟之窗奖学金(2025年12月至2026年2月,面向欧盟成员国学生);沙特阿拉伯国王奖学金(2025年11月1日至2026年5月30日,面向沙特籍本科申请者,优先预科生);留学武大——学历/进修生新生奖学金(面向自费优秀本科新生,随申请材料一并提交)。各奖学金具体名额与条件以当年通知为准。
cmtuqgwe700ck4gyxjnkm232v	scholarshipNoteRu	据简章附件三:中国政府奖学金-国别双边项目(2025年12月初至2026年5月,经本国留学生派遣部门/中国驻当地使领馆申请);国际中文教师奖学金(2026年3月初至5月初,chinese.cn与武大申请网站双通道);欧盟之窗奖学金(2025年12月至2026年2月,面向欧盟成员国学生);沙特阿拉伯国王奖学金(2025年11月1日至2026年5月30日,面向沙特籍本科申请者,优先预科生);留学武大——学历/进修生新生奖学金(面向自费优秀本科新生,随申请材料一并提交)。各奖学金具体名额与条件以当年通知为准。
cmtuqgweb00cl4gyxzrdy49s1	scholarshipNoteRu	据简章附件三:中国政府奖学金-国别双边项目(2025年12月初至2026年5月,经本国留学生派遣部门/中国驻当地使领馆申请);国际中文教师奖学金(2026年3月初至5月初,chinese.cn与武大申请网站双通道);欧盟之窗奖学金(2025年12月至2026年2月,面向欧盟成员国学生);沙特阿拉伯国王奖学金(2025年11月1日至2026年5月30日,面向沙特籍本科申请者,优先预科生);留学武大——学历/进修生新生奖学金(面向自费优秀本科新生,随申请材料一并提交)。各奖学金具体名额与条件以当年通知为准。
cmtuqgwef00cm4gyxul3ksl8j	scholarshipNoteRu	据简章附件三:中国政府奖学金-国别双边项目(2025年12月初至2026年5月,经本国留学生派遣部门/中国驻当地使领馆申请);国际中文教师奖学金(2026年3月初至5月初,chinese.cn与武大申请网站双通道);欧盟之窗奖学金(2025年12月至2026年2月,面向欧盟成员国学生);沙特阿拉伯国王奖学金(2025年11月1日至2026年5月30日,面向沙特籍本科申请者,优先预科生);留学武大——学历/进修生新生奖学金(面向自费优秀本科新生,随申请材料一并提交)。各奖学金具体名额与条件以当年通知为准。
cmtuqgwei00cn4gyx64t0neol	scholarshipNoteRu	据简章附件三:中国政府奖学金-国别双边项目(2025年12月初至2026年5月,经本国留学生派遣部门/中国驻当地使领馆申请);国际中文教师奖学金(2026年3月初至5月初,chinese.cn与武大申请网站双通道);欧盟之窗奖学金(2025年12月至2026年2月,面向欧盟成员国学生);沙特阿拉伯国王奖学金(2025年11月1日至2026年5月30日,面向沙特籍本科申请者,优先预科生);留学武大——学历/进修生新生奖学金(面向自费优秀本科新生,随申请材料一并提交)。各奖学金具体名额与条件以当年通知为准。
cmtuqgwem00co4gyxf2yvuzmb	scholarshipNoteRu	据简章附件三:中国政府奖学金-国别双边项目(2025年12月初至2026年5月,经本国留学生派遣部门/中国驻当地使领馆申请);国际中文教师奖学金(2026年3月初至5月初,chinese.cn与武大申请网站双通道);欧盟之窗奖学金(2025年12月至2026年2月,面向欧盟成员国学生);沙特阿拉伯国王奖学金(2025年11月1日至2026年5月30日,面向沙特籍本科申请者,优先预科生);留学武大——学历/进修生新生奖学金(面向自费优秀本科新生,随申请材料一并提交)。各奖学金具体名额与条件以当年通知为准。
cmtuqgwep00cp4gyxf14564lz	scholarshipNoteRu	据简章附件三:中国政府奖学金-国别双边项目(2025年12月初至2026年5月,经本国留学生派遣部门/中国驻当地使领馆申请);国际中文教师奖学金(2026年3月初至5月初,chinese.cn与武大申请网站双通道);欧盟之窗奖学金(2025年12月至2026年2月,面向欧盟成员国学生);沙特阿拉伯国王奖学金(2025年11月1日至2026年5月30日,面向沙特籍本科申请者,优先预科生);留学武大——学历/进修生新生奖学金(面向自费优秀本科新生,随申请材料一并提交)。各奖学金具体名额与条件以当年通知为准。
cmtuqgwet00cq4gyxa7dswvnv	scholarshipNoteRu	据简章附件三:中国政府奖学金-国别双边项目(2025年12月初至2026年5月,经本国留学生派遣部门/中国驻当地使领馆申请);国际中文教师奖学金(2026年3月初至5月初,chinese.cn与武大申请网站双通道);欧盟之窗奖学金(2025年12月至2026年2月,面向欧盟成员国学生);沙特阿拉伯国王奖学金(2025年11月1日至2026年5月30日,面向沙特籍本科申请者,优先预科生);留学武大——学历/进修生新生奖学金(面向自费优秀本科新生,随申请材料一并提交)。各奖学金具体名额与条件以当年通知为准。
cmtuqgwex00cr4gyxgva9c8bf	scholarshipNoteRu	据简章附件三:中国政府奖学金-国别双边项目(2025年12月初至2026年5月,经本国留学生派遣部门/中国驻当地使领馆申请);国际中文教师奖学金(2026年3月初至5月初,chinese.cn与武大申请网站双通道);欧盟之窗奖学金(2025年12月至2026年2月,面向欧盟成员国学生);沙特阿拉伯国王奖学金(2025年11月1日至2026年5月30日,面向沙特籍本科申请者,优先预科生);留学武大——学历/进修生新生奖学金(面向自费优秀本科新生,随申请材料一并提交)。各奖学金具体名额与条件以当年通知为准。
cmtuqgwf100cs4gyxekr0jaip	scholarshipNoteRu	据简章附件三:中国政府奖学金-国别双边项目(2025年12月初至2026年5月,经本国留学生派遣部门/中国驻当地使领馆申请);国际中文教师奖学金(2026年3月初至5月初,chinese.cn与武大申请网站双通道);欧盟之窗奖学金(2025年12月至2026年2月,面向欧盟成员国学生);沙特阿拉伯国王奖学金(2025年11月1日至2026年5月30日,面向沙特籍本科申请者,优先预科生);留学武大——学历/进修生新生奖学金(面向自费优秀本科新生,随申请材料一并提交)。各奖学金具体名额与条件以当年通知为准。
cmtuqgwf500ct4gyxt2oqsc0t	scholarshipNoteRu	据简章附件三:中国政府奖学金-国别双边项目(2025年12月初至2026年5月,经本国留学生派遣部门/中国驻当地使领馆申请);国际中文教师奖学金(2026年3月初至5月初,chinese.cn与武大申请网站双通道);欧盟之窗奖学金(2025年12月至2026年2月,面向欧盟成员国学生);沙特阿拉伯国王奖学金(2025年11月1日至2026年5月30日,面向沙特籍本科申请者,优先预科生);留学武大——学历/进修生新生奖学金(面向自费优秀本科新生,随申请材料一并提交)。各奖学金具体名额与条件以当年通知为准。
cmtuqgwf900cu4gyx4lyjcuba	scholarshipNoteRu	据简章附件三:中国政府奖学金-国别双边项目(2025年12月初至2026年5月,经本国留学生派遣部门/中国驻当地使领馆申请);国际中文教师奖学金(2026年3月初至5月初,chinese.cn与武大申请网站双通道);欧盟之窗奖学金(2025年12月至2026年2月,面向欧盟成员国学生);沙特阿拉伯国王奖学金(2025年11月1日至2026年5月30日,面向沙特籍本科申请者,优先预科生);留学武大——学历/进修生新生奖学金(面向自费优秀本科新生,随申请材料一并提交)。各奖学金具体名额与条件以当年通知为准。
cmtuqgwfc00cv4gyxe8qiu6oh	scholarshipNoteRu	据简章附件三:中国政府奖学金-国别双边项目(2025年12月初至2026年5月,经本国留学生派遣部门/中国驻当地使领馆申请);国际中文教师奖学金(2026年3月初至5月初,chinese.cn与武大申请网站双通道);欧盟之窗奖学金(2025年12月至2026年2月,面向欧盟成员国学生);沙特阿拉伯国王奖学金(2025年11月1日至2026年5月30日,面向沙特籍本科申请者,优先预科生);留学武大——学历/进修生新生奖学金(面向自费优秀本科新生,随申请材料一并提交)。各奖学金具体名额与条件以当年通知为准。
cmtuqgwfg00cw4gyxo3o08sne	scholarshipNoteRu	据简章附件三:中国政府奖学金-国别双边项目(2025年12月初至2026年5月,经本国留学生派遣部门/中国驻当地使领馆申请);国际中文教师奖学金(2026年3月初至5月初,chinese.cn与武大申请网站双通道);欧盟之窗奖学金(2025年12月至2026年2月,面向欧盟成员国学生);沙特阿拉伯国王奖学金(2025年11月1日至2026年5月30日,面向沙特籍本科申请者,优先预科生);留学武大——学历/进修生新生奖学金(面向自费优秀本科新生,随申请材料一并提交)。各奖学金具体名额与条件以当年通知为准。
cmtuqgwfk00cx4gyxu5bmuv99	scholarshipNoteRu	据简章附件三:中国政府奖学金-国别双边项目(2025年12月初至2026年5月,经本国留学生派遣部门/中国驻当地使领馆申请);国际中文教师奖学金(2026年3月初至5月初,chinese.cn与武大申请网站双通道);欧盟之窗奖学金(2025年12月至2026年2月,面向欧盟成员国学生);沙特阿拉伯国王奖学金(2025年11月1日至2026年5月30日,面向沙特籍本科申请者,优先预科生);留学武大——学历/进修生新生奖学金(面向自费优秀本科新生,随申请材料一并提交)。各奖学金具体名额与条件以当年通知为准。
cmtuqgwfn00cy4gyxsr2qvtvm	scholarshipNoteRu	据简章附件三:中国政府奖学金-国别双边项目(2025年12月初至2026年5月,经本国留学生派遣部门/中国驻当地使领馆申请);国际中文教师奖学金(2026年3月初至5月初,chinese.cn与武大申请网站双通道);欧盟之窗奖学金(2025年12月至2026年2月,面向欧盟成员国学生);沙特阿拉伯国王奖学金(2025年11月1日至2026年5月30日,面向沙特籍本科申请者,优先预科生);留学武大——学历/进修生新生奖学金(面向自费优秀本科新生,随申请材料一并提交)。各奖学金具体名额与条件以当年通知为准。
cmtuqgwfr00cz4gyx1q4ozdd5	scholarshipNoteRu	据简章附件三:中国政府奖学金-国别双边项目(2025年12月初至2026年5月,经本国留学生派遣部门/中国驻当地使领馆申请);国际中文教师奖学金(2026年3月初至5月初,chinese.cn与武大申请网站双通道);欧盟之窗奖学金(2025年12月至2026年2月,面向欧盟成员国学生);沙特阿拉伯国王奖学金(2025年11月1日至2026年5月30日,面向沙特籍本科申请者,优先预科生);留学武大——学历/进修生新生奖学金(面向自费优秀本科新生,随申请材料一并提交)。各奖学金具体名额与条件以当年通知为准。
cmtuqgwfv00d04gyx0pzn0f0x	scholarshipNoteRu	据简章附件三:中国政府奖学金-国别双边项目(2025年12月初至2026年5月,经本国留学生派遣部门/中国驻当地使领馆申请);国际中文教师奖学金(2026年3月初至5月初,chinese.cn与武大申请网站双通道);欧盟之窗奖学金(2025年12月至2026年2月,面向欧盟成员国学生);沙特阿拉伯国王奖学金(2025年11月1日至2026年5月30日,面向沙特籍本科申请者,优先预科生);留学武大——学历/进修生新生奖学金(面向自费优秀本科新生,随申请材料一并提交)。各奖学金具体名额与条件以当年通知为准。
cmtuqgwfy00d14gyxunk6ahti	scholarshipNoteRu	据简章附件三:中国政府奖学金-国别双边项目(2025年12月初至2026年5月,经本国留学生派遣部门/中国驻当地使领馆申请);国际中文教师奖学金(2026年3月初至5月初,chinese.cn与武大申请网站双通道);欧盟之窗奖学金(2025年12月至2026年2月,面向欧盟成员国学生);沙特阿拉伯国王奖学金(2025年11月1日至2026年5月30日,面向沙特籍本科申请者,优先预科生);留学武大——学历/进修生新生奖学金(面向自费优秀本科新生,随申请材料一并提交)。各奖学金具体名额与条件以当年通知为准。
cmtuqgwg200d24gyxusjn8dik	scholarshipNoteRu	据简章附件三:中国政府奖学金-国别双边项目(2025年12月初至2026年5月,经本国留学生派遣部门/中国驻当地使领馆申请);国际中文教师奖学金(2026年3月初至5月初,chinese.cn与武大申请网站双通道);欧盟之窗奖学金(2025年12月至2026年2月,面向欧盟成员国学生);沙特阿拉伯国王奖学金(2025年11月1日至2026年5月30日,面向沙特籍本科申请者,优先预科生);留学武大——学历/进修生新生奖学金(面向自费优秀本科新生,随申请材料一并提交)。各奖学金具体名额与条件以当年通知为准。
cmtuqgwg600d34gyxot2312s1	scholarshipNoteRu	据简章附件三:中国政府奖学金-国别双边项目(2025年12月初至2026年5月,经本国留学生派遣部门/中国驻当地使领馆申请);国际中文教师奖学金(2026年3月初至5月初,chinese.cn与武大申请网站双通道);欧盟之窗奖学金(2025年12月至2026年2月,面向欧盟成员国学生);沙特阿拉伯国王奖学金(2025年11月1日至2026年5月30日,面向沙特籍本科申请者,优先预科生);留学武大——学历/进修生新生奖学金(面向自费优秀本科新生,随申请材料一并提交)。各奖学金具体名额与条件以当年通知为准。
cmtuqgwg900d44gyxciuiha1p	scholarshipNoteRu	据简章附件三:中国政府奖学金-国别双边项目(2025年12月初至2026年5月,经本国留学生派遣部门/中国驻当地使领馆申请);国际中文教师奖学金(2026年3月初至5月初,chinese.cn与武大申请网站双通道);欧盟之窗奖学金(2025年12月至2026年2月,面向欧盟成员国学生);沙特阿拉伯国王奖学金(2025年11月1日至2026年5月30日,面向沙特籍本科申请者,优先预科生);留学武大——学历/进修生新生奖学金(面向自费优秀本科新生,随申请材料一并提交)。各奖学金具体名额与条件以当年通知为准。
cmtuqgwgd00d54gyx7rpa8c4s	scholarshipNoteRu	据简章附件三:中国政府奖学金-国别双边项目(2025年12月初至2026年5月,经本国留学生派遣部门/中国驻当地使领馆申请);国际中文教师奖学金(2026年3月初至5月初,chinese.cn与武大申请网站双通道);欧盟之窗奖学金(2025年12月至2026年2月,面向欧盟成员国学生);沙特阿拉伯国王奖学金(2025年11月1日至2026年5月30日,面向沙特籍本科申请者,优先预科生);留学武大——学历/进修生新生奖学金(面向自费优秀本科新生,随申请材料一并提交)。各奖学金具体名额与条件以当年通知为准。
cmtuqgwgg00d64gyxvvm46lla	scholarshipNoteRu	据简章附件三:中国政府奖学金-国别双边项目(2025年12月初至2026年5月,经本国留学生派遣部门/中国驻当地使领馆申请);国际中文教师奖学金(2026年3月初至5月初,chinese.cn与武大申请网站双通道);欧盟之窗奖学金(2025年12月至2026年2月,面向欧盟成员国学生);沙特阿拉伯国王奖学金(2025年11月1日至2026年5月30日,面向沙特籍本科申请者,优先预科生);留学武大——学历/进修生新生奖学金(面向自费优秀本科新生,随申请材料一并提交)。各奖学金具体名额与条件以当年通知为准。
cmtuqgwgk00d74gyxj6xgw31j	scholarshipNoteRu	据简章附件三:中国政府奖学金-国别双边项目(2025年12月初至2026年5月,经本国留学生派遣部门/中国驻当地使领馆申请);国际中文教师奖学金(2026年3月初至5月初,chinese.cn与武大申请网站双通道);欧盟之窗奖学金(2025年12月至2026年2月,面向欧盟成员国学生);沙特阿拉伯国王奖学金(2025年11月1日至2026年5月30日,面向沙特籍本科申请者,优先预科生);留学武大——学历/进修生新生奖学金(面向自费优秀本科新生,随申请材料一并提交)。各奖学金具体名额与条件以当年通知为准。
cmtuqgwgo00d84gyxa8v3khz3	scholarshipNoteRu	据简章附件三:中国政府奖学金-国别双边项目(2025年12月初至2026年5月,经本国留学生派遣部门/中国驻当地使领馆申请);国际中文教师奖学金(2026年3月初至5月初,chinese.cn与武大申请网站双通道);欧盟之窗奖学金(2025年12月至2026年2月,面向欧盟成员国学生);沙特阿拉伯国王奖学金(2025年11月1日至2026年5月30日,面向沙特籍本科申请者,优先预科生);留学武大——学历/进修生新生奖学金(面向自费优秀本科新生,随申请材料一并提交)。各奖学金具体名额与条件以当年通知为准。
cmtuqgwgr00d94gyxwf7et96t	scholarshipNoteRu	据简章附件三:中国政府奖学金-国别双边项目(2025年12月初至2026年5月,经本国留学生派遣部门/中国驻当地使领馆申请);国际中文教师奖学金(2026年3月初至5月初,chinese.cn与武大申请网站双通道);欧盟之窗奖学金(2025年12月至2026年2月,面向欧盟成员国学生);沙特阿拉伯国王奖学金(2025年11月1日至2026年5月30日,面向沙特籍本科申请者,优先预科生);留学武大——学历/进修生新生奖学金(面向自费优秀本科新生,随申请材料一并提交)。各奖学金具体名额与条件以当年通知为准。
cmtuqgwgu00da4gyx5ghos1qv	scholarshipNoteRu	据简章附件三:中国政府奖学金-国别双边项目(2025年12月初至2026年5月,经本国留学生派遣部门/中国驻当地使领馆申请);国际中文教师奖学金(2026年3月初至5月初,chinese.cn与武大申请网站双通道);欧盟之窗奖学金(2025年12月至2026年2月,面向欧盟成员国学生);沙特阿拉伯国王奖学金(2025年11月1日至2026年5月30日,面向沙特籍本科申请者,优先预科生);留学武大——学历/进修生新生奖学金(面向自费优秀本科新生,随申请材料一并提交)。各奖学金具体名额与条件以当年通知为准。
cmtuqgwgy00db4gyxv1b85ele	scholarshipNoteRu	据简章附件三:中国政府奖学金-国别双边项目(2025年12月初至2026年5月,经本国留学生派遣部门/中国驻当地使领馆申请);国际中文教师奖学金(2026年3月初至5月初,chinese.cn与武大申请网站双通道);欧盟之窗奖学金(2025年12月至2026年2月,面向欧盟成员国学生);沙特阿拉伯国王奖学金(2025年11月1日至2026年5月30日,面向沙特籍本科申请者,优先预科生);留学武大——学历/进修生新生奖学金(面向自费优秀本科新生,随申请材料一并提交)。各奖学金具体名额与条件以当年通知为准。
cmtuqgwh200dc4gyx4sbv8q2r	scholarshipNoteRu	据简章附件三:中国政府奖学金-国别双边项目(2025年12月初至2026年5月,经本国留学生派遣部门/中国驻当地使领馆申请);国际中文教师奖学金(2026年3月初至5月初,chinese.cn与武大申请网站双通道);欧盟之窗奖学金(2025年12月至2026年2月,面向欧盟成员国学生);沙特阿拉伯国王奖学金(2025年11月1日至2026年5月30日,面向沙特籍本科申请者,优先预科生);留学武大——学历/进修生新生奖学金(面向自费优秀本科新生,随申请材料一并提交)。各奖学金具体名额与条件以当年通知为准。
cmtuqgwh600dd4gyxk65nwq0m	scholarshipNoteRu	据简章附件三:中国政府奖学金-国别双边项目(2025年12月初至2026年5月,经本国留学生派遣部门/中国驻当地使领馆申请);国际中文教师奖学金(2026年3月初至5月初,chinese.cn与武大申请网站双通道);欧盟之窗奖学金(2025年12月至2026年2月,面向欧盟成员国学生);沙特阿拉伯国王奖学金(2025年11月1日至2026年5月30日,面向沙特籍本科申请者,优先预科生);留学武大——学历/进修生新生奖学金(面向自费优秀本科新生,随申请材料一并提交)。各奖学金具体名额与条件以当年通知为准。
cmtuqgwha00de4gyxgs6vgpke	scholarshipNoteRu	据简章附件三:中国政府奖学金-国别双边项目(2025年12月初至2026年5月,经本国留学生派遣部门/中国驻当地使领馆申请);国际中文教师奖学金(2026年3月初至5月初,chinese.cn与武大申请网站双通道);欧盟之窗奖学金(2025年12月至2026年2月,面向欧盟成员国学生);沙特阿拉伯国王奖学金(2025年11月1日至2026年5月30日,面向沙特籍本科申请者,优先预科生);留学武大——学历/进修生新生奖学金(面向自费优秀本科新生,随申请材料一并提交)。各奖学金具体名额与条件以当年通知为准。
cmtuqgwhd00df4gyxvnzy90hn	scholarshipNoteRu	据简章附件三:中国政府奖学金-国别双边项目(2025年12月初至2026年5月,经本国留学生派遣部门/中国驻当地使领馆申请);国际中文教师奖学金(2026年3月初至5月初,chinese.cn与武大申请网站双通道);欧盟之窗奖学金(2025年12月至2026年2月,面向欧盟成员国学生);沙特阿拉伯国王奖学金(2025年11月1日至2026年5月30日,面向沙特籍本科申请者,优先预科生);留学武大——学历/进修生新生奖学金(面向自费优秀本科新生,随申请材料一并提交)。各奖学金具体名额与条件以当年通知为准。
cmtuqgwhh00dg4gyxxff7qyzd	scholarshipNoteRu	据简章附件三:中国政府奖学金-国别双边项目(2025年12月初至2026年5月,经本国留学生派遣部门/中国驻当地使领馆申请);国际中文教师奖学金(2026年3月初至5月初,chinese.cn与武大申请网站双通道);欧盟之窗奖学金(2025年12月至2026年2月,面向欧盟成员国学生);沙特阿拉伯国王奖学金(2025年11月1日至2026年5月30日,面向沙特籍本科申请者,优先预科生);留学武大——学历/进修生新生奖学金(面向自费优秀本科新生,随申请材料一并提交)。各奖学金具体名额与条件以当年通知为准。
cmtuqgwhl00dh4gyxmxesv0a8	scholarshipNoteRu	据简章附件三:中国政府奖学金-国别双边项目(2025年12月初至2026年5月,经本国留学生派遣部门/中国驻当地使领馆申请);国际中文教师奖学金(2026年3月初至5月初,chinese.cn与武大申请网站双通道);欧盟之窗奖学金(2025年12月至2026年2月,面向欧盟成员国学生);沙特阿拉伯国王奖学金(2025年11月1日至2026年5月30日,面向沙特籍本科申请者,优先预科生);留学武大——学历/进修生新生奖学金(面向自费优秀本科新生,随申请材料一并提交)。各奖学金具体名额与条件以当年通知为准。
cmtuqgwhp00di4gyxy8yxws3v	scholarshipNoteRu	据简章附件三:中国政府奖学金-国别双边项目(2025年12月初至2026年5月,经本国留学生派遣部门/中国驻当地使领馆申请);国际中文教师奖学金(2026年3月初至5月初,chinese.cn与武大申请网站双通道);欧盟之窗奖学金(2025年12月至2026年2月,面向欧盟成员国学生);沙特阿拉伯国王奖学金(2025年11月1日至2026年5月30日,面向沙特籍本科申请者,优先预科生);留学武大——学历/进修生新生奖学金(面向自费优秀本科新生,随申请材料一并提交)。各奖学金具体名额与条件以当年通知为准。
cmtuqgwhu00dj4gyxqh16wfm4	scholarshipNoteRu	据简章附件三:中国政府奖学金-国别双边项目(2025年12月初至2026年5月,经本国留学生派遣部门/中国驻当地使领馆申请);国际中文教师奖学金(2026年3月初至5月初,chinese.cn与武大申请网站双通道);欧盟之窗奖学金(2025年12月至2026年2月,面向欧盟成员国学生);沙特阿拉伯国王奖学金(2025年11月1日至2026年5月30日,面向沙特籍本科申请者,优先预科生);留学武大——学历/进修生新生奖学金(面向自费优秀本科新生,随申请材料一并提交)。各奖学金具体名额与条件以当年通知为准。
cmtuqgwhy00dk4gyxc9egetwx	scholarshipNoteRu	据简章附件三:中国政府奖学金-国别双边项目(2025年12月初至2026年5月,经本国留学生派遣部门/中国驻当地使领馆申请);国际中文教师奖学金(2026年3月初至5月初,chinese.cn与武大申请网站双通道);欧盟之窗奖学金(2025年12月至2026年2月,面向欧盟成员国学生);沙特阿拉伯国王奖学金(2025年11月1日至2026年5月30日,面向沙特籍本科申请者,优先预科生);留学武大——学历/进修生新生奖学金(面向自费优秀本科新生,随申请材料一并提交)。各奖学金具体名额与条件以当年通知为准。
cmtuqgwi300dl4gyxlyafdwx3	scholarshipNoteRu	据简章附件三:中国政府奖学金-国别双边项目(2025年12月初至2026年5月,经本国留学生派遣部门/中国驻当地使领馆申请);国际中文教师奖学金(2026年3月初至5月初,chinese.cn与武大申请网站双通道);欧盟之窗奖学金(2025年12月至2026年2月,面向欧盟成员国学生);沙特阿拉伯国王奖学金(2025年11月1日至2026年5月30日,面向沙特籍本科申请者,优先预科生);留学武大——学历/进修生新生奖学金(面向自费优秀本科新生,随申请材料一并提交)。各奖学金具体名额与条件以当年通知为准。
cmtuqgwi600dm4gyx2oq1p3rq	scholarshipNoteRu	据简章附件三:中国政府奖学金-国别双边项目(2025年12月初至2026年5月,经本国留学生派遣部门/中国驻当地使领馆申请);国际中文教师奖学金(2026年3月初至5月初,chinese.cn与武大申请网站双通道);欧盟之窗奖学金(2025年12月至2026年2月,面向欧盟成员国学生);沙特阿拉伯国王奖学金(2025年11月1日至2026年5月30日,面向沙特籍本科申请者,优先预科生);留学武大——学历/进修生新生奖学金(面向自费优秀本科新生,随申请材料一并提交)。各奖学金具体名额与条件以当年通知为准。
cmtuqgwia00dn4gyxklnuyywr	scholarshipNoteRu	据简章附件三:中国政府奖学金-国别双边项目(2025年12月初至2026年5月,经本国留学生派遣部门/中国驻当地使领馆申请);国际中文教师奖学金(2026年3月初至5月初,chinese.cn与武大申请网站双通道);欧盟之窗奖学金(2025年12月至2026年2月,面向欧盟成员国学生);沙特阿拉伯国王奖学金(2025年11月1日至2026年5月30日,面向沙特籍本科申请者,优先预科生);留学武大——学历/进修生新生奖学金(面向自费优秀本科新生,随申请材料一并提交)。各奖学金具体名额与条件以当年通知为准。
cmtuqgwid00do4gyxbfcqb4o9	scholarshipNoteRu	据简章附件三:中国政府奖学金-国别双边项目(2025年12月初至2026年5月,经本国留学生派遣部门/中国驻当地使领馆申请);国际中文教师奖学金(2026年3月初至5月初,chinese.cn与武大申请网站双通道);欧盟之窗奖学金(2025年12月至2026年2月,面向欧盟成员国学生);沙特阿拉伯国王奖学金(2025年11月1日至2026年5月30日,面向沙特籍本科申请者,优先预科生);留学武大——学历/进修生新生奖学金(面向自费优秀本科新生,随申请材料一并提交)。各奖学金具体名额与条件以当年通知为准。
cmtuqgwig00dp4gyxs7foxfin	scholarshipNoteRu	据简章附件三:中国政府奖学金-国别双边项目(2025年12月初至2026年5月,经本国留学生派遣部门/中国驻当地使领馆申请);国际中文教师奖学金(2026年3月初至5月初,chinese.cn与武大申请网站双通道);欧盟之窗奖学金(2025年12月至2026年2月,面向欧盟成员国学生);沙特阿拉伯国王奖学金(2025年11月1日至2026年5月30日,面向沙特籍本科申请者,优先预科生);留学武大——学历/进修生新生奖学金(面向自费优秀本科新生,随申请材料一并提交)。各奖学金具体名额与条件以当年通知为准。
cmtuqgwik00dq4gyx2yn5ng44	scholarshipNoteRu	据简章附件三:中国政府奖学金-国别双边项目(2025年12月初至2026年5月,经本国留学生派遣部门/中国驻当地使领馆申请);国际中文教师奖学金(2026年3月初至5月初,chinese.cn与武大申请网站双通道);欧盟之窗奖学金(2025年12月至2026年2月,面向欧盟成员国学生);沙特阿拉伯国王奖学金(2025年11月1日至2026年5月30日,面向沙特籍本科申请者,优先预科生);留学武大——学历/进修生新生奖学金(面向自费优秀本科新生,随申请材料一并提交)。各奖学金具体名额与条件以当年通知为准。
cmtuqgwin00dr4gyx8whufxlr	scholarshipNoteRu	据简章附件三:中国政府奖学金-国别双边项目(2025年12月初至2026年5月,经本国留学生派遣部门/中国驻当地使领馆申请);国际中文教师奖学金(2026年3月初至5月初,chinese.cn与武大申请网站双通道);欧盟之窗奖学金(2025年12月至2026年2月,面向欧盟成员国学生);沙特阿拉伯国王奖学金(2025年11月1日至2026年5月30日,面向沙特籍本科申请者,优先预科生);留学武大——学历/进修生新生奖学金(面向自费优秀本科新生,随申请材料一并提交)。各奖学金具体名额与条件以当年通知为准。
cmtuqgwir00ds4gyx97ttn63w	scholarshipNoteRu	据简章附件三:中国政府奖学金-国别双边项目(2025年12月初至2026年5月,经本国留学生派遣部门/中国驻当地使领馆申请);国际中文教师奖学金(2026年3月初至5月初,chinese.cn与武大申请网站双通道);欧盟之窗奖学金(2025年12月至2026年2月,面向欧盟成员国学生);沙特阿拉伯国王奖学金(2025年11月1日至2026年5月30日,面向沙特籍本科申请者,优先预科生);留学武大——学历/进修生新生奖学金(面向自费优秀本科新生,随申请材料一并提交)。各奖学金具体名额与条件以当年通知为准。
cmtuqgwiv00dt4gyxjej434dq	scholarshipNoteRu	据简章附件三:中国政府奖学金-国别双边项目(2025年12月初至2026年5月,经本国留学生派遣部门/中国驻当地使领馆申请);国际中文教师奖学金(2026年3月初至5月初,chinese.cn与武大申请网站双通道);欧盟之窗奖学金(2025年12月至2026年2月,面向欧盟成员国学生);沙特阿拉伯国王奖学金(2025年11月1日至2026年5月30日,面向沙特籍本科申请者,优先预科生);留学武大——学历/进修生新生奖学金(面向自费优秀本科新生,随申请材料一并提交)。各奖学金具体名额与条件以当年通知为准。
cmtuqgwiy00du4gyx8rt9ilnq	scholarshipNoteRu	据简章附件三:中国政府奖学金-国别双边项目(2025年12月初至2026年5月,经本国留学生派遣部门/中国驻当地使领馆申请);国际中文教师奖学金(2026年3月初至5月初,chinese.cn与武大申请网站双通道);欧盟之窗奖学金(2025年12月至2026年2月,面向欧盟成员国学生);沙特阿拉伯国王奖学金(2025年11月1日至2026年5月30日,面向沙特籍本科申请者,优先预科生);留学武大——学历/进修生新生奖学金(面向自费优秀本科新生,随申请材料一并提交)。各奖学金具体名额与条件以当年通知为准。
cmtuqgwj200dv4gyxcun56865	scholarshipNoteRu	据简章附件三:中国政府奖学金-国别双边项目(2025年12月初至2026年5月,经本国留学生派遣部门/中国驻当地使领馆申请);国际中文教师奖学金(2026年3月初至5月初,chinese.cn与武大申请网站双通道);欧盟之窗奖学金(2025年12月至2026年2月,面向欧盟成员国学生);沙特阿拉伯国王奖学金(2025年11月1日至2026年5月30日,面向沙特籍本科申请者,优先预科生);留学武大——学历/进修生新生奖学金(面向自费优秀本科新生,随申请材料一并提交)。各奖学金具体名额与条件以当年通知为准。
cmtuqgwj500dw4gyx9yuxpr83	scholarshipNoteRu	据简章附件三:中国政府奖学金-国别双边项目(2025年12月初至2026年5月,经本国留学生派遣部门/中国驻当地使领馆申请);国际中文教师奖学金(2026年3月初至5月初,chinese.cn与武大申请网站双通道);欧盟之窗奖学金(2025年12月至2026年2月,面向欧盟成员国学生);沙特阿拉伯国王奖学金(2025年11月1日至2026年5月30日,面向沙特籍本科申请者,优先预科生);留学武大——学历/进修生新生奖学金(面向自费优秀本科新生,随申请材料一并提交)。各奖学金具体名额与条件以当年通知为准。
cmtuqgwj900dx4gyxjbaht96v	scholarshipNoteRu	据简章附件三:中国政府奖学金-国别双边项目(2025年12月初至2026年5月,经本国留学生派遣部门/中国驻当地使领馆申请);国际中文教师奖学金(2026年3月初至5月初,chinese.cn与武大申请网站双通道);欧盟之窗奖学金(2025年12月至2026年2月,面向欧盟成员国学生);沙特阿拉伯国王奖学金(2025年11月1日至2026年5月30日,面向沙特籍本科申请者,优先预科生);留学武大——学历/进修生新生奖学金(面向自费优秀本科新生,随申请材料一并提交)。各奖学金具体名额与条件以当年通知为准。
cmtuqgwjc00dy4gyxvbh2g3b3	scholarshipNoteRu	据简章附件三:中国政府奖学金-国别双边项目(2025年12月初至2026年5月,经本国留学生派遣部门/中国驻当地使领馆申请);国际中文教师奖学金(2026年3月初至5月初,chinese.cn与武大申请网站双通道);欧盟之窗奖学金(2025年12月至2026年2月,面向欧盟成员国学生);沙特阿拉伯国王奖学金(2025年11月1日至2026年5月30日,面向沙特籍本科申请者,优先预科生);留学武大——学历/进修生新生奖学金(面向自费优秀本科新生,随申请材料一并提交)。各奖学金具体名额与条件以当年通知为准。
cmtuqgwjf00dz4gyx0iwx40cy	scholarshipNoteRu	据简章附件三:中国政府奖学金-国别双边项目(2025年12月初至2026年5月,经本国留学生派遣部门/中国驻当地使领馆申请);国际中文教师奖学金(2026年3月初至5月初,chinese.cn与武大申请网站双通道);欧盟之窗奖学金(2025年12月至2026年2月,面向欧盟成员国学生);沙特阿拉伯国王奖学金(2025年11月1日至2026年5月30日,面向沙特籍本科申请者,优先预科生);留学武大——学历/进修生新生奖学金(面向自费优秀本科新生,随申请材料一并提交)。各奖学金具体名额与条件以当年通知为准。
cmtuqgwjj00e04gyxjkm41g2g	scholarshipNoteRu	据简章附件三:中国政府奖学金-国别双边项目(2025年12月初至2026年5月,经本国留学生派遣部门/中国驻当地使领馆申请);国际中文教师奖学金(2026年3月初至5月初,chinese.cn与武大申请网站双通道);欧盟之窗奖学金(2025年12月至2026年2月,面向欧盟成员国学生);沙特阿拉伯国王奖学金(2025年11月1日至2026年5月30日,面向沙特籍本科申请者,优先预科生);留学武大——学历/进修生新生奖学金(面向自费优秀本科新生,随申请材料一并提交)。各奖学金具体名额与条件以当年通知为准。
cmtuqgwjm00e14gyxff9mhgac	scholarshipNoteRu	据简章附件三:中国政府奖学金-国别双边项目(2025年12月初至2026年5月,经本国留学生派遣部门/中国驻当地使领馆申请);国际中文教师奖学金(2026年3月初至5月初,chinese.cn与武大申请网站双通道);欧盟之窗奖学金(2025年12月至2026年2月,面向欧盟成员国学生);沙特阿拉伯国王奖学金(2025年11月1日至2026年5月30日,面向沙特籍本科申请者,优先预科生);留学武大——学历/进修生新生奖学金(面向自费优秀本科新生,随申请材料一并提交)。各奖学金具体名额与条件以当年通知为准。
cmtuqgwjq00e24gyxfy2rb4t3	scholarshipNoteRu	据简章附件三:中国政府奖学金-国别双边项目(2025年12月初至2026年5月,经本国留学生派遣部门/中国驻当地使领馆申请);国际中文教师奖学金(2026年3月初至5月初,chinese.cn与武大申请网站双通道);欧盟之窗奖学金(2025年12月至2026年2月,面向欧盟成员国学生);沙特阿拉伯国王奖学金(2025年11月1日至2026年5月30日,面向沙特籍本科申请者,优先预科生);留学武大——学历/进修生新生奖学金(面向自费优秀本科新生,随申请材料一并提交)。各奖学金具体名额与条件以当年通知为准。
cmtuqgwju00e34gyx7qgzr8dx	scholarshipNoteRu	据简章附件三:中国政府奖学金-国别双边项目(2025年12月初至2026年5月,经本国留学生派遣部门/中国驻当地使领馆申请);国际中文教师奖学金(2026年3月初至5月初,chinese.cn与武大申请网站双通道);欧盟之窗奖学金(2025年12月至2026年2月,面向欧盟成员国学生);沙特阿拉伯国王奖学金(2025年11月1日至2026年5月30日,面向沙特籍本科申请者,优先预科生);留学武大——学历/进修生新生奖学金(面向自费优秀本科新生,随申请材料一并提交)。各奖学金具体名额与条件以当年通知为准。
cmtuqgwjx00e44gyxt6s2g9n9	scholarshipNoteRu	据简章附件三:中国政府奖学金-国别双边项目(2025年12月初至2026年5月,经本国留学生派遣部门/中国驻当地使领馆申请);国际中文教师奖学金(2026年3月初至5月初,chinese.cn与武大申请网站双通道);欧盟之窗奖学金(2025年12月至2026年2月,面向欧盟成员国学生);沙特阿拉伯国王奖学金(2025年11月1日至2026年5月30日,面向沙特籍本科申请者,优先预科生);留学武大——学历/进修生新生奖学金(面向自费优秀本科新生,随申请材料一并提交)。各奖学金具体名额与条件以当年通知为准。
cmtuqgwk000e54gyx957ujser	scholarshipNoteRu	据简章附件三:中国政府奖学金-国别双边项目(2025年12月初至2026年5月,经本国留学生派遣部门/中国驻当地使领馆申请);国际中文教师奖学金(2026年3月初至5月初,chinese.cn与武大申请网站双通道);欧盟之窗奖学金(2025年12月至2026年2月,面向欧盟成员国学生);沙特阿拉伯国王奖学金(2025年11月1日至2026年5月30日,面向沙特籍本科申请者,优先预科生);留学武大——学历/进修生新生奖学金(面向自费优秀本科新生,随申请材料一并提交)。各奖学金具体名额与条件以当年通知为准。
cmtuqgwk400e64gyxngcee484	scholarshipNoteRu	据简章附件三:中国政府奖学金-国别双边项目(2025年12月初至2026年5月,经本国留学生派遣部门/中国驻当地使领馆申请);国际中文教师奖学金(2026年3月初至5月初,chinese.cn与武大申请网站双通道);欧盟之窗奖学金(2025年12月至2026年2月,面向欧盟成员国学生);沙特阿拉伯国王奖学金(2025年11月1日至2026年5月30日,面向沙特籍本科申请者,优先预科生);留学武大——学历/进修生新生奖学金(面向自费优秀本科新生,随申请材料一并提交)。各奖学金具体名额与条件以当年通知为准。
cmtuqgwk700e74gyxiki3ec77	scholarshipNoteRu	据简章附件三:中国政府奖学金-国别双边项目(2025年12月初至2026年5月,经本国留学生派遣部门/中国驻当地使领馆申请);国际中文教师奖学金(2026年3月初至5月初,chinese.cn与武大申请网站双通道);欧盟之窗奖学金(2025年12月至2026年2月,面向欧盟成员国学生);沙特阿拉伯国王奖学金(2025年11月1日至2026年5月30日,面向沙特籍本科申请者,优先预科生);留学武大——学历/进修生新生奖学金(面向自费优秀本科新生,随申请材料一并提交)。各奖学金具体名额与条件以当年通知为准。
cmtuqgwkb00e84gyxz8njn5u8	scholarshipNoteRu	据简章附件三:中国政府奖学金-国别双边项目(2025年12月初至2026年5月,经本国留学生派遣部门/中国驻当地使领馆申请);国际中文教师奖学金(2026年3月初至5月初,chinese.cn与武大申请网站双通道);欧盟之窗奖学金(2025年12月至2026年2月,面向欧盟成员国学生);沙特阿拉伯国王奖学金(2025年11月1日至2026年5月30日,面向沙特籍本科申请者,优先预科生);留学武大——学历/进修生新生奖学金(面向自费优秀本科新生,随申请材料一并提交)。各奖学金具体名额与条件以当年通知为准。
cmtuqgwkf00e94gyxflt69myf	scholarshipNoteRu	据简章附件三:中国政府奖学金-国别双边项目(2025年12月初至2026年5月,经本国留学生派遣部门/中国驻当地使领馆申请);国际中文教师奖学金(2026年3月初至5月初,chinese.cn与武大申请网站双通道);欧盟之窗奖学金(2025年12月至2026年2月,面向欧盟成员国学生);沙特阿拉伯国王奖学金(2025年11月1日至2026年5月30日,面向沙特籍本科申请者,优先预科生);留学武大——学历/进修生新生奖学金(面向自费优秀本科新生,随申请材料一并提交)。各奖学金具体名额与条件以当年通知为准。
cmtuqgwki00ea4gyxtc60fmqu	scholarshipNoteRu	据简章附件三:中国政府奖学金-国别双边项目(2025年12月初至2026年5月,经本国留学生派遣部门/中国驻当地使领馆申请);国际中文教师奖学金(2026年3月初至5月初,chinese.cn与武大申请网站双通道);欧盟之窗奖学金(2025年12月至2026年2月,面向欧盟成员国学生);沙特阿拉伯国王奖学金(2025年11月1日至2026年5月30日,面向沙特籍本科申请者,优先预科生);留学武大——学历/进修生新生奖学金(面向自费优秀本科新生,随申请材料一并提交)。各奖学金具体名额与条件以当年通知为准。
cmtuqgwmk00eb4gyx5g68io64	scholarshipNoteRu	可申请:1.中国政府奖学金"国别项目"(仅面向汉语授课专业,通过各国留学生派遣部门申请,申请表第一志愿填浙江大学);2.浙江省政府来华留学生奖学金(仅面向汉语授课专业,填写申请表并与申请材料一起上传申请系统);3.浙江大学爱丁堡大学联合学院中外合作办学双学位项目(英语授课)奖学金;4.浙江大学国际联合商学院全球传播与管理项目(英语授课)奖学金;5.浙江大学"一带一路"国际医学院MBBS项目(英语授课)新生奖学金。奖学金申请期限以各类奖学金申请办法公布为准。
cmtuqgwmp00ec4gyx00oqdgun	scholarshipNoteRu	可申请:1.中国政府奖学金"国别项目"(仅面向汉语授课专业,通过各国留学生派遣部门申请,申请表第一志愿填浙江大学);2.浙江省政府来华留学生奖学金(仅面向汉语授课专业,填写申请表并与申请材料一起上传申请系统);3.浙江大学爱丁堡大学联合学院中外合作办学双学位项目(英语授课)奖学金;4.浙江大学国际联合商学院全球传播与管理项目(英语授课)奖学金;5.浙江大学"一带一路"国际医学院MBBS项目(英语授课)新生奖学金。奖学金申请期限以各类奖学金申请办法公布为准。
cmtuqgwms00ed4gyxfebm4bad	scholarshipNoteRu	可申请:1.中国政府奖学金"国别项目"(仅面向汉语授课专业,通过各国留学生派遣部门申请,申请表第一志愿填浙江大学);2.浙江省政府来华留学生奖学金(仅面向汉语授课专业,填写申请表并与申请材料一起上传申请系统);3.浙江大学爱丁堡大学联合学院中外合作办学双学位项目(英语授课)奖学金;4.浙江大学国际联合商学院全球传播与管理项目(英语授课)奖学金;5.浙江大学"一带一路"国际医学院MBBS项目(英语授课)新生奖学金。奖学金申请期限以各类奖学金申请办法公布为准。
cmtuqgwmw00ee4gyxy4s01mgq	scholarshipNoteRu	可申请:1.中国政府奖学金"国别项目"(仅面向汉语授课专业,通过各国留学生派遣部门申请,申请表第一志愿填浙江大学);2.浙江省政府来华留学生奖学金(仅面向汉语授课专业,填写申请表并与申请材料一起上传申请系统);3.浙江大学爱丁堡大学联合学院中外合作办学双学位项目(英语授课)奖学金;4.浙江大学国际联合商学院全球传播与管理项目(英语授课)奖学金;5.浙江大学"一带一路"国际医学院MBBS项目(英语授课)新生奖学金。奖学金申请期限以各类奖学金申请办法公布为准。
cmtuqgwmz00ef4gyxqhml73fc	scholarshipNoteRu	可申请:1.中国政府奖学金"国别项目"(仅面向汉语授课专业,通过各国留学生派遣部门申请,申请表第一志愿填浙江大学);2.浙江省政府来华留学生奖学金(仅面向汉语授课专业,填写申请表并与申请材料一起上传申请系统);3.浙江大学爱丁堡大学联合学院中外合作办学双学位项目(英语授课)奖学金;4.浙江大学国际联合商学院全球传播与管理项目(英语授课)奖学金;5.浙江大学"一带一路"国际医学院MBBS项目(英语授课)新生奖学金。奖学金申请期限以各类奖学金申请办法公布为准。
cmtuqgwn300eg4gyxptxll8wq	scholarshipNoteRu	可申请:1.中国政府奖学金"国别项目"(仅面向汉语授课专业,通过各国留学生派遣部门申请,申请表第一志愿填浙江大学);2.浙江省政府来华留学生奖学金(仅面向汉语授课专业,填写申请表并与申请材料一起上传申请系统);3.浙江大学爱丁堡大学联合学院中外合作办学双学位项目(英语授课)奖学金;4.浙江大学国际联合商学院全球传播与管理项目(英语授课)奖学金;5.浙江大学"一带一路"国际医学院MBBS项目(英语授课)新生奖学金。奖学金申请期限以各类奖学金申请办法公布为准。
cmtuqgwn600eh4gyx2xzkbopa	scholarshipNoteRu	可申请:1.中国政府奖学金"国别项目"(仅面向汉语授课专业,通过各国留学生派遣部门申请,申请表第一志愿填浙江大学);2.浙江省政府来华留学生奖学金(仅面向汉语授课专业,填写申请表并与申请材料一起上传申请系统);3.浙江大学爱丁堡大学联合学院中外合作办学双学位项目(英语授课)奖学金;4.浙江大学国际联合商学院全球传播与管理项目(英语授课)奖学金;5.浙江大学"一带一路"国际医学院MBBS项目(英语授课)新生奖学金。奖学金申请期限以各类奖学金申请办法公布为准。
cmtuqgwn900ei4gyx1asbxgke	scholarshipNoteRu	可申请:1.中国政府奖学金"国别项目"(仅面向汉语授课专业,通过各国留学生派遣部门申请,申请表第一志愿填浙江大学);2.浙江省政府来华留学生奖学金(仅面向汉语授课专业,填写申请表并与申请材料一起上传申请系统);3.浙江大学爱丁堡大学联合学院中外合作办学双学位项目(英语授课)奖学金;4.浙江大学国际联合商学院全球传播与管理项目(英语授课)奖学金;5.浙江大学"一带一路"国际医学院MBBS项目(英语授课)新生奖学金。奖学金申请期限以各类奖学金申请办法公布为准。
cmtuqgwnc00ej4gyxoho3brhp	scholarshipNoteRu	可申请:1.中国政府奖学金"国别项目"(仅面向汉语授课专业,通过各国留学生派遣部门申请,申请表第一志愿填浙江大学);2.浙江省政府来华留学生奖学金(仅面向汉语授课专业,填写申请表并与申请材料一起上传申请系统);3.浙江大学爱丁堡大学联合学院中外合作办学双学位项目(英语授课)奖学金;4.浙江大学国际联合商学院全球传播与管理项目(英语授课)奖学金;5.浙江大学"一带一路"国际医学院MBBS项目(英语授课)新生奖学金。奖学金申请期限以各类奖学金申请办法公布为准。
cmtuqgwnf00ek4gyxtc8gavn0	scholarshipNoteRu	可申请:1.中国政府奖学金"国别项目"(仅面向汉语授课专业,通过各国留学生派遣部门申请,申请表第一志愿填浙江大学);2.浙江省政府来华留学生奖学金(仅面向汉语授课专业,填写申请表并与申请材料一起上传申请系统);3.浙江大学爱丁堡大学联合学院中外合作办学双学位项目(英语授课)奖学金;4.浙江大学国际联合商学院全球传播与管理项目(英语授课)奖学金;5.浙江大学"一带一路"国际医学院MBBS项目(英语授课)新生奖学金。奖学金申请期限以各类奖学金申请办法公布为准。
cmtuqgwnj00el4gyxan99akxf	scholarshipNoteRu	可申请:1.中国政府奖学金"国别项目"(仅面向汉语授课专业,通过各国留学生派遣部门申请,申请表第一志愿填浙江大学);2.浙江省政府来华留学生奖学金(仅面向汉语授课专业,填写申请表并与申请材料一起上传申请系统);3.浙江大学爱丁堡大学联合学院中外合作办学双学位项目(英语授课)奖学金;4.浙江大学国际联合商学院全球传播与管理项目(英语授课)奖学金;5.浙江大学"一带一路"国际医学院MBBS项目(英语授课)新生奖学金。奖学金申请期限以各类奖学金申请办法公布为准。
cmtuqgwnn00em4gyxvqi7x26j	scholarshipNoteRu	可申请:1.中国政府奖学金"国别项目"(仅面向汉语授课专业,通过各国留学生派遣部门申请,申请表第一志愿填浙江大学);2.浙江省政府来华留学生奖学金(仅面向汉语授课专业,填写申请表并与申请材料一起上传申请系统);3.浙江大学爱丁堡大学联合学院中外合作办学双学位项目(英语授课)奖学金;4.浙江大学国际联合商学院全球传播与管理项目(英语授课)奖学金;5.浙江大学"一带一路"国际医学院MBBS项目(英语授课)新生奖学金。奖学金申请期限以各类奖学金申请办法公布为准。
cmtuqgwnq00en4gyx7esp4b4g	scholarshipNoteRu	可申请:1.中国政府奖学金"国别项目"(仅面向汉语授课专业,通过各国留学生派遣部门申请,申请表第一志愿填浙江大学);2.浙江省政府来华留学生奖学金(仅面向汉语授课专业,填写申请表并与申请材料一起上传申请系统);3.浙江大学爱丁堡大学联合学院中外合作办学双学位项目(英语授课)奖学金;4.浙江大学国际联合商学院全球传播与管理项目(英语授课)奖学金;5.浙江大学"一带一路"国际医学院MBBS项目(英语授课)新生奖学金。奖学金申请期限以各类奖学金申请办法公布为准。
cmtuqgwnt00eo4gyx1dkqvz38	scholarshipNoteRu	可申请:1.中国政府奖学金"国别项目"(仅面向汉语授课专业,通过各国留学生派遣部门申请,申请表第一志愿填浙江大学);2.浙江省政府来华留学生奖学金(仅面向汉语授课专业,填写申请表并与申请材料一起上传申请系统);3.浙江大学爱丁堡大学联合学院中外合作办学双学位项目(英语授课)奖学金;4.浙江大学国际联合商学院全球传播与管理项目(英语授课)奖学金;5.浙江大学"一带一路"国际医学院MBBS项目(英语授课)新生奖学金。奖学金申请期限以各类奖学金申请办法公布为准。
cmtuqgwnx00ep4gyxn1ae1fdk	scholarshipNoteRu	可申请:1.中国政府奖学金"国别项目"(仅面向汉语授课专业,通过各国留学生派遣部门申请,申请表第一志愿填浙江大学);2.浙江省政府来华留学生奖学金(仅面向汉语授课专业,填写申请表并与申请材料一起上传申请系统);3.浙江大学爱丁堡大学联合学院中外合作办学双学位项目(英语授课)奖学金;4.浙江大学国际联合商学院全球传播与管理项目(英语授课)奖学金;5.浙江大学"一带一路"国际医学院MBBS项目(英语授课)新生奖学金。奖学金申请期限以各类奖学金申请办法公布为准。
cmtuqgwo100eq4gyxadmn1kzw	scholarshipNoteRu	可申请:1.中国政府奖学金"国别项目"(仅面向汉语授课专业,通过各国留学生派遣部门申请,申请表第一志愿填浙江大学);2.浙江省政府来华留学生奖学金(仅面向汉语授课专业,填写申请表并与申请材料一起上传申请系统);3.浙江大学爱丁堡大学联合学院中外合作办学双学位项目(英语授课)奖学金;4.浙江大学国际联合商学院全球传播与管理项目(英语授课)奖学金;5.浙江大学"一带一路"国际医学院MBBS项目(英语授课)新生奖学金。奖学金申请期限以各类奖学金申请办法公布为准。
cmtuqgwo400er4gyxsgbs32f7	scholarshipNoteRu	可申请:1.中国政府奖学金"国别项目"(仅面向汉语授课专业,通过各国留学生派遣部门申请,申请表第一志愿填浙江大学);2.浙江省政府来华留学生奖学金(仅面向汉语授课专业,填写申请表并与申请材料一起上传申请系统);3.浙江大学爱丁堡大学联合学院中外合作办学双学位项目(英语授课)奖学金;4.浙江大学国际联合商学院全球传播与管理项目(英语授课)奖学金;5.浙江大学"一带一路"国际医学院MBBS项目(英语授课)新生奖学金。奖学金申请期限以各类奖学金申请办法公布为准。
cmtuqgwo700es4gyxig9vrtbo	scholarshipNoteRu	可申请:1.中国政府奖学金"国别项目"(仅面向汉语授课专业,通过各国留学生派遣部门申请,申请表第一志愿填浙江大学);2.浙江省政府来华留学生奖学金(仅面向汉语授课专业,填写申请表并与申请材料一起上传申请系统);3.浙江大学爱丁堡大学联合学院中外合作办学双学位项目(英语授课)奖学金;4.浙江大学国际联合商学院全球传播与管理项目(英语授课)奖学金;5.浙江大学"一带一路"国际医学院MBBS项目(英语授课)新生奖学金。奖学金申请期限以各类奖学金申请办法公布为准。
cmtuqgwob00et4gyxhy3r1af1	scholarshipNoteRu	可申请:1.中国政府奖学金"国别项目"(仅面向汉语授课专业,通过各国留学生派遣部门申请,申请表第一志愿填浙江大学);2.浙江省政府来华留学生奖学金(仅面向汉语授课专业,填写申请表并与申请材料一起上传申请系统);3.浙江大学爱丁堡大学联合学院中外合作办学双学位项目(英语授课)奖学金;4.浙江大学国际联合商学院全球传播与管理项目(英语授课)奖学金;5.浙江大学"一带一路"国际医学院MBBS项目(英语授课)新生奖学金。奖学金申请期限以各类奖学金申请办法公布为准。
cmtuqgwof00eu4gyx14peyeqz	scholarshipNoteRu	可申请:1.中国政府奖学金"国别项目"(仅面向汉语授课专业,通过各国留学生派遣部门申请,申请表第一志愿填浙江大学);2.浙江省政府来华留学生奖学金(仅面向汉语授课专业,填写申请表并与申请材料一起上传申请系统);3.浙江大学爱丁堡大学联合学院中外合作办学双学位项目(英语授课)奖学金;4.浙江大学国际联合商学院全球传播与管理项目(英语授课)奖学金;5.浙江大学"一带一路"国际医学院MBBS项目(英语授课)新生奖学金。奖学金申请期限以各类奖学金申请办法公布为准。
cmtuqgwoi00ev4gyxt9t04nhy	scholarshipNoteRu	可申请:1.中国政府奖学金"国别项目"(仅面向汉语授课专业,通过各国留学生派遣部门申请,申请表第一志愿填浙江大学);2.浙江省政府来华留学生奖学金(仅面向汉语授课专业,填写申请表并与申请材料一起上传申请系统);3.浙江大学爱丁堡大学联合学院中外合作办学双学位项目(英语授课)奖学金;4.浙江大学国际联合商学院全球传播与管理项目(英语授课)奖学金;5.浙江大学"一带一路"国际医学院MBBS项目(英语授课)新生奖学金。奖学金申请期限以各类奖学金申请办法公布为准。
cmtuqgwol00ew4gyxmlh4o8xa	scholarshipNoteRu	可申请:1.中国政府奖学金"国别项目"(仅面向汉语授课专业,通过各国留学生派遣部门申请,申请表第一志愿填浙江大学);2.浙江省政府来华留学生奖学金(仅面向汉语授课专业,填写申请表并与申请材料一起上传申请系统);3.浙江大学爱丁堡大学联合学院中外合作办学双学位项目(英语授课)奖学金;4.浙江大学国际联合商学院全球传播与管理项目(英语授课)奖学金;5.浙江大学"一带一路"国际医学院MBBS项目(英语授课)新生奖学金。奖学金申请期限以各类奖学金申请办法公布为准。
cmtuqgwop00ex4gyxxxesmlcx	scholarshipNoteRu	可申请:1.中国政府奖学金"国别项目"(仅面向汉语授课专业,通过各国留学生派遣部门申请,申请表第一志愿填浙江大学);2.浙江省政府来华留学生奖学金(仅面向汉语授课专业,填写申请表并与申请材料一起上传申请系统);3.浙江大学爱丁堡大学联合学院中外合作办学双学位项目(英语授课)奖学金;4.浙江大学国际联合商学院全球传播与管理项目(英语授课)奖学金;5.浙江大学"一带一路"国际医学院MBBS项目(英语授课)新生奖学金。奖学金申请期限以各类奖学金申请办法公布为准。
cmtuqgwot00ey4gyxw8c0cnl0	scholarshipNoteRu	可申请:1.中国政府奖学金"国别项目"(仅面向汉语授课专业,通过各国留学生派遣部门申请,申请表第一志愿填浙江大学);2.浙江省政府来华留学生奖学金(仅面向汉语授课专业,填写申请表并与申请材料一起上传申请系统);3.浙江大学爱丁堡大学联合学院中外合作办学双学位项目(英语授课)奖学金;4.浙江大学国际联合商学院全球传播与管理项目(英语授课)奖学金;5.浙江大学"一带一路"国际医学院MBBS项目(英语授课)新生奖学金。奖学金申请期限以各类奖学金申请办法公布为准。
cmtuqgwow00ez4gyxcuipof5i	scholarshipNoteRu	可申请:1.中国政府奖学金"国别项目"(仅面向汉语授课专业,通过各国留学生派遣部门申请,申请表第一志愿填浙江大学);2.浙江省政府来华留学生奖学金(仅面向汉语授课专业,填写申请表并与申请材料一起上传申请系统);3.浙江大学爱丁堡大学联合学院中外合作办学双学位项目(英语授课)奖学金;4.浙江大学国际联合商学院全球传播与管理项目(英语授课)奖学金;5.浙江大学"一带一路"国际医学院MBBS项目(英语授课)新生奖学金。奖学金申请期限以各类奖学金申请办法公布为准。
cmtuqgwp000f04gyxjj07yeqi	scholarshipNoteRu	可申请:1.中国政府奖学金"国别项目"(仅面向汉语授课专业,通过各国留学生派遣部门申请,申请表第一志愿填浙江大学);2.浙江省政府来华留学生奖学金(仅面向汉语授课专业,填写申请表并与申请材料一起上传申请系统);3.浙江大学爱丁堡大学联合学院中外合作办学双学位项目(英语授课)奖学金;4.浙江大学国际联合商学院全球传播与管理项目(英语授课)奖学金;5.浙江大学"一带一路"国际医学院MBBS项目(英语授课)新生奖学金。奖学金申请期限以各类奖学金申请办法公布为准。
cmtuqgwp400f14gyxhw5zo845	scholarshipNoteRu	可申请:1.中国政府奖学金"国别项目"(仅面向汉语授课专业,通过各国留学生派遣部门申请,申请表第一志愿填浙江大学);2.浙江省政府来华留学生奖学金(仅面向汉语授课专业,填写申请表并与申请材料一起上传申请系统);3.浙江大学爱丁堡大学联合学院中外合作办学双学位项目(英语授课)奖学金;4.浙江大学国际联合商学院全球传播与管理项目(英语授课)奖学金;5.浙江大学"一带一路"国际医学院MBBS项目(英语授课)新生奖学金。奖学金申请期限以各类奖学金申请办法公布为准。
cmtuqgwp800f24gyxpwf7zb7b	scholarshipNoteRu	可申请:1.中国政府奖学金"国别项目"(仅面向汉语授课专业,通过各国留学生派遣部门申请,申请表第一志愿填浙江大学);2.浙江省政府来华留学生奖学金(仅面向汉语授课专业,填写申请表并与申请材料一起上传申请系统);3.浙江大学爱丁堡大学联合学院中外合作办学双学位项目(英语授课)奖学金;4.浙江大学国际联合商学院全球传播与管理项目(英语授课)奖学金;5.浙江大学"一带一路"国际医学院MBBS项目(英语授课)新生奖学金。奖学金申请期限以各类奖学金申请办法公布为准。
cmtuqgwpb00f34gyxpy1lefvz	scholarshipNoteRu	可申请:1.中国政府奖学金"国别项目"(仅面向汉语授课专业,通过各国留学生派遣部门申请,申请表第一志愿填浙江大学);2.浙江省政府来华留学生奖学金(仅面向汉语授课专业,填写申请表并与申请材料一起上传申请系统);3.浙江大学爱丁堡大学联合学院中外合作办学双学位项目(英语授课)奖学金;4.浙江大学国际联合商学院全球传播与管理项目(英语授课)奖学金;5.浙江大学"一带一路"国际医学院MBBS项目(英语授课)新生奖学金。奖学金申请期限以各类奖学金申请办法公布为准。
cmtuqgwpf00f44gyxf7n7wtn2	scholarshipNoteRu	可申请:1.中国政府奖学金"国别项目"(仅面向汉语授课专业,通过各国留学生派遣部门申请,申请表第一志愿填浙江大学);2.浙江省政府来华留学生奖学金(仅面向汉语授课专业,填写申请表并与申请材料一起上传申请系统);3.浙江大学爱丁堡大学联合学院中外合作办学双学位项目(英语授课)奖学金;4.浙江大学国际联合商学院全球传播与管理项目(英语授课)奖学金;5.浙江大学"一带一路"国际医学院MBBS项目(英语授课)新生奖学金。奖学金申请期限以各类奖学金申请办法公布为准。
cmtuqgwpj00f54gyxvo5tfm6c	scholarshipNoteRu	可申请:1.中国政府奖学金"国别项目"(仅面向汉语授课专业,通过各国留学生派遣部门申请,申请表第一志愿填浙江大学);2.浙江省政府来华留学生奖学金(仅面向汉语授课专业,填写申请表并与申请材料一起上传申请系统);3.浙江大学爱丁堡大学联合学院中外合作办学双学位项目(英语授课)奖学金;4.浙江大学国际联合商学院全球传播与管理项目(英语授课)奖学金;5.浙江大学"一带一路"国际医学院MBBS项目(英语授课)新生奖学金。奖学金申请期限以各类奖学金申请办法公布为准。
cmtuqgwpm00f64gyxuzfnmzon	scholarshipNoteRu	可申请:1.中国政府奖学金"国别项目"(仅面向汉语授课专业,通过各国留学生派遣部门申请,申请表第一志愿填浙江大学);2.浙江省政府来华留学生奖学金(仅面向汉语授课专业,填写申请表并与申请材料一起上传申请系统);3.浙江大学爱丁堡大学联合学院中外合作办学双学位项目(英语授课)奖学金;4.浙江大学国际联合商学院全球传播与管理项目(英语授课)奖学金;5.浙江大学"一带一路"国际医学院MBBS项目(英语授课)新生奖学金。奖学金申请期限以各类奖学金申请办法公布为准。
cmtuqgwpp00f74gyxnkg1x1cn	scholarshipNoteRu	可申请:1.中国政府奖学金"国别项目"(仅面向汉语授课专业,通过各国留学生派遣部门申请,申请表第一志愿填浙江大学);2.浙江省政府来华留学生奖学金(仅面向汉语授课专业,填写申请表并与申请材料一起上传申请系统);3.浙江大学爱丁堡大学联合学院中外合作办学双学位项目(英语授课)奖学金;4.浙江大学国际联合商学院全球传播与管理项目(英语授课)奖学金;5.浙江大学"一带一路"国际医学院MBBS项目(英语授课)新生奖学金。奖学金申请期限以各类奖学金申请办法公布为准。
cmtuqgwpt00f84gyxmy954zoo	scholarshipNoteRu	可申请:1.中国政府奖学金"国别项目"(仅面向汉语授课专业,通过各国留学生派遣部门申请,申请表第一志愿填浙江大学);2.浙江省政府来华留学生奖学金(仅面向汉语授课专业,填写申请表并与申请材料一起上传申请系统);3.浙江大学爱丁堡大学联合学院中外合作办学双学位项目(英语授课)奖学金;4.浙江大学国际联合商学院全球传播与管理项目(英语授课)奖学金;5.浙江大学"一带一路"国际医学院MBBS项目(英语授课)新生奖学金。奖学金申请期限以各类奖学金申请办法公布为准。
cmtuqgwpw00f94gyxy3v19t3q	scholarshipNoteRu	可申请:1.中国政府奖学金"国别项目"(仅面向汉语授课专业,通过各国留学生派遣部门申请,申请表第一志愿填浙江大学);2.浙江省政府来华留学生奖学金(仅面向汉语授课专业,填写申请表并与申请材料一起上传申请系统);3.浙江大学爱丁堡大学联合学院中外合作办学双学位项目(英语授课)奖学金;4.浙江大学国际联合商学院全球传播与管理项目(英语授课)奖学金;5.浙江大学"一带一路"国际医学院MBBS项目(英语授课)新生奖学金。奖学金申请期限以各类奖学金申请办法公布为准。
cmtuqgwpz00fa4gyx8rnfpae1	scholarshipNoteRu	可申请:1.中国政府奖学金"国别项目"(仅面向汉语授课专业,通过各国留学生派遣部门申请,申请表第一志愿填浙江大学);2.浙江省政府来华留学生奖学金(仅面向汉语授课专业,填写申请表并与申请材料一起上传申请系统);3.浙江大学爱丁堡大学联合学院中外合作办学双学位项目(英语授课)奖学金;4.浙江大学国际联合商学院全球传播与管理项目(英语授课)奖学金;5.浙江大学"一带一路"国际医学院MBBS项目(英语授课)新生奖学金。奖学金申请期限以各类奖学金申请办法公布为准。
cmtuqgwq300fb4gyxuc0ho81i	scholarshipNoteRu	可申请:1.中国政府奖学金"国别项目"(仅面向汉语授课专业,通过各国留学生派遣部门申请,申请表第一志愿填浙江大学);2.浙江省政府来华留学生奖学金(仅面向汉语授课专业,填写申请表并与申请材料一起上传申请系统);3.浙江大学爱丁堡大学联合学院中外合作办学双学位项目(英语授课)奖学金;4.浙江大学国际联合商学院全球传播与管理项目(英语授课)奖学金;5.浙江大学"一带一路"国际医学院MBBS项目(英语授课)新生奖学金。奖学金申请期限以各类奖学金申请办法公布为准。
cmtuqgwq600fc4gyxoy5wa3a8	scholarshipNoteRu	可申请:1.中国政府奖学金"国别项目"(仅面向汉语授课专业,通过各国留学生派遣部门申请,申请表第一志愿填浙江大学);2.浙江省政府来华留学生奖学金(仅面向汉语授课专业,填写申请表并与申请材料一起上传申请系统);3.浙江大学爱丁堡大学联合学院中外合作办学双学位项目(英语授课)奖学金;4.浙江大学国际联合商学院全球传播与管理项目(英语授课)奖学金;5.浙江大学"一带一路"国际医学院MBBS项目(英语授课)新生奖学金。奖学金申请期限以各类奖学金申请办法公布为准。
cmtuqgwq900fd4gyxg84xhlju	scholarshipNoteRu	可申请:1.中国政府奖学金"国别项目"(仅面向汉语授课专业,通过各国留学生派遣部门申请,申请表第一志愿填浙江大学);2.浙江省政府来华留学生奖学金(仅面向汉语授课专业,填写申请表并与申请材料一起上传申请系统);3.浙江大学爱丁堡大学联合学院中外合作办学双学位项目(英语授课)奖学金;4.浙江大学国际联合商学院全球传播与管理项目(英语授课)奖学金;5.浙江大学"一带一路"国际医学院MBBS项目(英语授课)新生奖学金。奖学金申请期限以各类奖学金申请办法公布为准。
cmtuqgwqc00fe4gyxbw5zm7ge	scholarshipNoteRu	可申请:1.中国政府奖学金"国别项目"(仅面向汉语授课专业,通过各国留学生派遣部门申请,申请表第一志愿填浙江大学);2.浙江省政府来华留学生奖学金(仅面向汉语授课专业,填写申请表并与申请材料一起上传申请系统);3.浙江大学爱丁堡大学联合学院中外合作办学双学位项目(英语授课)奖学金;4.浙江大学国际联合商学院全球传播与管理项目(英语授课)奖学金;5.浙江大学"一带一路"国际医学院MBBS项目(英语授课)新生奖学金。奖学金申请期限以各类奖学金申请办法公布为准。
cmtuqgwqg00ff4gyxip8nf0yq	scholarshipNoteRu	可申请:1.中国政府奖学金"国别项目"(仅面向汉语授课专业,通过各国留学生派遣部门申请,申请表第一志愿填浙江大学);2.浙江省政府来华留学生奖学金(仅面向汉语授课专业,填写申请表并与申请材料一起上传申请系统);3.浙江大学爱丁堡大学联合学院中外合作办学双学位项目(英语授课)奖学金;4.浙江大学国际联合商学院全球传播与管理项目(英语授课)奖学金;5.浙江大学"一带一路"国际医学院MBBS项目(英语授课)新生奖学金。奖学金申请期限以各类奖学金申请办法公布为准。
cmtuqgwqk00fg4gyxq7o0dpvq	scholarshipNoteRu	可申请:1.中国政府奖学金"国别项目"(仅面向汉语授课专业,通过各国留学生派遣部门申请,申请表第一志愿填浙江大学);2.浙江省政府来华留学生奖学金(仅面向汉语授课专业,填写申请表并与申请材料一起上传申请系统);3.浙江大学爱丁堡大学联合学院中外合作办学双学位项目(英语授课)奖学金;4.浙江大学国际联合商学院全球传播与管理项目(英语授课)奖学金;5.浙江大学"一带一路"国际医学院MBBS项目(英语授课)新生奖学金。奖学金申请期限以各类奖学金申请办法公布为准。
cmtuqgwqp00fh4gyxktwtfhxi	scholarshipNoteRu	可申请:1.中国政府奖学金"国别项目"(仅面向汉语授课专业,通过各国留学生派遣部门申请,申请表第一志愿填浙江大学);2.浙江省政府来华留学生奖学金(仅面向汉语授课专业,填写申请表并与申请材料一起上传申请系统);3.浙江大学爱丁堡大学联合学院中外合作办学双学位项目(英语授课)奖学金;4.浙江大学国际联合商学院全球传播与管理项目(英语授课)奖学金;5.浙江大学"一带一路"国际医学院MBBS项目(英语授课)新生奖学金。奖学金申请期限以各类奖学金申请办法公布为准。
cmtuqgwqt00fi4gyxc5c25isj	scholarshipNoteRu	可申请:1.中国政府奖学金"国别项目"(仅面向汉语授课专业,通过各国留学生派遣部门申请,申请表第一志愿填浙江大学);2.浙江省政府来华留学生奖学金(仅面向汉语授课专业,填写申请表并与申请材料一起上传申请系统);3.浙江大学爱丁堡大学联合学院中外合作办学双学位项目(英语授课)奖学金;4.浙江大学国际联合商学院全球传播与管理项目(英语授课)奖学金;5.浙江大学"一带一路"国际医学院MBBS项目(英语授课)新生奖学金。奖学金申请期限以各类奖学金申请办法公布为准。
cmtuqgwqx00fj4gyxbknq1cik	scholarshipNoteRu	可申请:1.中国政府奖学金"国别项目"(仅面向汉语授课专业,通过各国留学生派遣部门申请,申请表第一志愿填浙江大学);2.浙江省政府来华留学生奖学金(仅面向汉语授课专业,填写申请表并与申请材料一起上传申请系统);3.浙江大学爱丁堡大学联合学院中外合作办学双学位项目(英语授课)奖学金;4.浙江大学国际联合商学院全球传播与管理项目(英语授课)奖学金;5.浙江大学"一带一路"国际医学院MBBS项目(英语授课)新生奖学金。奖学金申请期限以各类奖学金申请办法公布为准。
cmtuqgwr000fk4gyx6hqz0dmn	scholarshipNoteRu	可申请:1.中国政府奖学金"国别项目"(仅面向汉语授课专业,通过各国留学生派遣部门申请,申请表第一志愿填浙江大学);2.浙江省政府来华留学生奖学金(仅面向汉语授课专业,填写申请表并与申请材料一起上传申请系统);3.浙江大学爱丁堡大学联合学院中外合作办学双学位项目(英语授课)奖学金;4.浙江大学国际联合商学院全球传播与管理项目(英语授课)奖学金;5.浙江大学"一带一路"国际医学院MBBS项目(英语授课)新生奖学金。奖学金申请期限以各类奖学金申请办法公布为准。
cmtuqgwr400fl4gyx6rt33lb4	scholarshipNoteRu	可申请:1.中国政府奖学金"国别项目"(仅面向汉语授课专业,通过各国留学生派遣部门申请,申请表第一志愿填浙江大学);2.浙江省政府来华留学生奖学金(仅面向汉语授课专业,填写申请表并与申请材料一起上传申请系统);3.浙江大学爱丁堡大学联合学院中外合作办学双学位项目(英语授课)奖学金;4.浙江大学国际联合商学院全球传播与管理项目(英语授课)奖学金;5.浙江大学"一带一路"国际医学院MBBS项目(英语授课)新生奖学金。奖学金申请期限以各类奖学金申请办法公布为准。
cmtuqgwr700fm4gyxrq1d3dxj	scholarshipNoteRu	可申请:1.中国政府奖学金"国别项目"(仅面向汉语授课专业,通过各国留学生派遣部门申请,申请表第一志愿填浙江大学);2.浙江省政府来华留学生奖学金(仅面向汉语授课专业,填写申请表并与申请材料一起上传申请系统);3.浙江大学爱丁堡大学联合学院中外合作办学双学位项目(英语授课)奖学金;4.浙江大学国际联合商学院全球传播与管理项目(英语授课)奖学金;5.浙江大学"一带一路"国际医学院MBBS项目(英语授课)新生奖学金。奖学金申请期限以各类奖学金申请办法公布为准。
cmtuqgwrc00fn4gyxhp5q9ymp	scholarshipNoteRu	可申请:1.中国政府奖学金"国别项目"(仅面向汉语授课专业,通过各国留学生派遣部门申请,申请表第一志愿填浙江大学);2.浙江省政府来华留学生奖学金(仅面向汉语授课专业,填写申请表并与申请材料一起上传申请系统);3.浙江大学爱丁堡大学联合学院中外合作办学双学位项目(英语授课)奖学金;4.浙江大学国际联合商学院全球传播与管理项目(英语授课)奖学金;5.浙江大学"一带一路"国际医学院MBBS项目(英语授课)新生奖学金。奖学金申请期限以各类奖学金申请办法公布为准。
cmtuqgwri00fo4gyx25nu7p40	scholarshipNoteRu	可申请:1.中国政府奖学金"国别项目"(仅面向汉语授课专业,通过各国留学生派遣部门申请,申请表第一志愿填浙江大学);2.浙江省政府来华留学生奖学金(仅面向汉语授课专业,填写申请表并与申请材料一起上传申请系统);3.浙江大学爱丁堡大学联合学院中外合作办学双学位项目(英语授课)奖学金;4.浙江大学国际联合商学院全球传播与管理项目(英语授课)奖学金;5.浙江大学"一带一路"国际医学院MBBS项目(英语授课)新生奖学金。奖学金申请期限以各类奖学金申请办法公布为准。
cmtuqgwrm00fp4gyxrub2mort	scholarshipNoteRu	可申请:1.中国政府奖学金"国别项目"(仅面向汉语授课专业,通过各国留学生派遣部门申请,申请表第一志愿填浙江大学);2.浙江省政府来华留学生奖学金(仅面向汉语授课专业,填写申请表并与申请材料一起上传申请系统);3.浙江大学爱丁堡大学联合学院中外合作办学双学位项目(英语授课)奖学金;4.浙江大学国际联合商学院全球传播与管理项目(英语授课)奖学金;5.浙江大学"一带一路"国际医学院MBBS项目(英语授课)新生奖学金。奖学金申请期限以各类奖学金申请办法公布为准。
cmtuqgwrq00fq4gyxjnpfatdq	scholarshipNoteRu	可申请:1.中国政府奖学金"国别项目"(仅面向汉语授课专业,通过各国留学生派遣部门申请,申请表第一志愿填浙江大学);2.浙江省政府来华留学生奖学金(仅面向汉语授课专业,填写申请表并与申请材料一起上传申请系统);3.浙江大学爱丁堡大学联合学院中外合作办学双学位项目(英语授课)奖学金;4.浙江大学国际联合商学院全球传播与管理项目(英语授课)奖学金;5.浙江大学"一带一路"国际医学院MBBS项目(英语授课)新生奖学金。奖学金申请期限以各类奖学金申请办法公布为准。
cmtuqgwrt00fr4gyxitkojzbr	scholarshipNoteRu	可申请:1.中国政府奖学金"国别项目"(仅面向汉语授课专业,通过各国留学生派遣部门申请,申请表第一志愿填浙江大学);2.浙江省政府来华留学生奖学金(仅面向汉语授课专业,填写申请表并与申请材料一起上传申请系统);3.浙江大学爱丁堡大学联合学院中外合作办学双学位项目(英语授课)奖学金;4.浙江大学国际联合商学院全球传播与管理项目(英语授课)奖学金;5.浙江大学"一带一路"国际医学院MBBS项目(英语授课)新生奖学金。奖学金申请期限以各类奖学金申请办法公布为准。
cmtuqgwrx00fs4gyxihntf1yz	scholarshipNoteRu	可申请:1.中国政府奖学金"国别项目"(仅面向汉语授课专业,通过各国留学生派遣部门申请,申请表第一志愿填浙江大学);2.浙江省政府来华留学生奖学金(仅面向汉语授课专业,填写申请表并与申请材料一起上传申请系统);3.浙江大学爱丁堡大学联合学院中外合作办学双学位项目(英语授课)奖学金;4.浙江大学国际联合商学院全球传播与管理项目(英语授课)奖学金;5.浙江大学"一带一路"国际医学院MBBS项目(英语授课)新生奖学金。奖学金申请期限以各类奖学金申请办法公布为准。
cmtuqgws100ft4gyxaj7w32le	scholarshipNoteRu	可申请:1.中国政府奖学金"国别项目"(仅面向汉语授课专业,通过各国留学生派遣部门申请,申请表第一志愿填浙江大学);2.浙江省政府来华留学生奖学金(仅面向汉语授课专业,填写申请表并与申请材料一起上传申请系统);3.浙江大学爱丁堡大学联合学院中外合作办学双学位项目(英语授课)奖学金;4.浙江大学国际联合商学院全球传播与管理项目(英语授课)奖学金;5.浙江大学"一带一路"国际医学院MBBS项目(英语授课)新生奖学金。奖学金申请期限以各类奖学金申请办法公布为准。
cmtuqgws400fu4gyxpdj1b286	scholarshipNoteRu	可申请:1.中国政府奖学金"国别项目"(仅面向汉语授课专业,通过各国留学生派遣部门申请,申请表第一志愿填浙江大学);2.浙江省政府来华留学生奖学金(仅面向汉语授课专业,填写申请表并与申请材料一起上传申请系统);3.浙江大学爱丁堡大学联合学院中外合作办学双学位项目(英语授课)奖学金;4.浙江大学国际联合商学院全球传播与管理项目(英语授课)奖学金;5.浙江大学"一带一路"国际医学院MBBS项目(英语授课)新生奖学金。奖学金申请期限以各类奖学金申请办法公布为准。
cmtuqgws800fv4gyxit4w87rw	scholarshipNoteRu	可申请:1.中国政府奖学金"国别项目"(仅面向汉语授课专业,通过各国留学生派遣部门申请,申请表第一志愿填浙江大学);2.浙江省政府来华留学生奖学金(仅面向汉语授课专业,填写申请表并与申请材料一起上传申请系统);3.浙江大学爱丁堡大学联合学院中外合作办学双学位项目(英语授课)奖学金;4.浙江大学国际联合商学院全球传播与管理项目(英语授课)奖学金;5.浙江大学"一带一路"国际医学院MBBS项目(英语授课)新生奖学金。奖学金申请期限以各类奖学金申请办法公布为准。
cmtuqgwsd00fw4gyx9hxp4ybj	scholarshipNoteRu	可申请:1.中国政府奖学金"国别项目"(仅面向汉语授课专业,通过各国留学生派遣部门申请,申请表第一志愿填浙江大学);2.浙江省政府来华留学生奖学金(仅面向汉语授课专业,填写申请表并与申请材料一起上传申请系统);3.浙江大学爱丁堡大学联合学院中外合作办学双学位项目(英语授课)奖学金;4.浙江大学国际联合商学院全球传播与管理项目(英语授课)奖学金;5.浙江大学"一带一路"国际医学院MBBS项目(英语授课)新生奖学金。奖学金申请期限以各类奖学金申请办法公布为准。
cmtuqgwsi00fx4gyxv052x68x	scholarshipNoteRu	可申请:1.中国政府奖学金"国别项目"(仅面向汉语授课专业,通过各国留学生派遣部门申请,申请表第一志愿填浙江大学);2.浙江省政府来华留学生奖学金(仅面向汉语授课专业,填写申请表并与申请材料一起上传申请系统);3.浙江大学爱丁堡大学联合学院中外合作办学双学位项目(英语授课)奖学金;4.浙江大学国际联合商学院全球传播与管理项目(英语授课)奖学金;5.浙江大学"一带一路"国际医学院MBBS项目(英语授课)新生奖学金。奖学金申请期限以各类奖学金申请办法公布为准。
cmtuqgwsm00fy4gyx6ic7ppiz	scholarshipNoteRu	可申请:1.中国政府奖学金"国别项目"(仅面向汉语授课专业,通过各国留学生派遣部门申请,申请表第一志愿填浙江大学);2.浙江省政府来华留学生奖学金(仅面向汉语授课专业,填写申请表并与申请材料一起上传申请系统);3.浙江大学爱丁堡大学联合学院中外合作办学双学位项目(英语授课)奖学金;4.浙江大学国际联合商学院全球传播与管理项目(英语授课)奖学金;5.浙江大学"一带一路"国际医学院MBBS项目(英语授课)新生奖学金。奖学金申请期限以各类奖学金申请办法公布为准。
cmtuqgwsp00fz4gyxov62gcyj	scholarshipNoteRu	可申请:1.中国政府奖学金"国别项目"(仅面向汉语授课专业,通过各国留学生派遣部门申请,申请表第一志愿填浙江大学);2.浙江省政府来华留学生奖学金(仅面向汉语授课专业,填写申请表并与申请材料一起上传申请系统);3.浙江大学爱丁堡大学联合学院中外合作办学双学位项目(英语授课)奖学金;4.浙江大学国际联合商学院全球传播与管理项目(英语授课)奖学金;5.浙江大学"一带一路"国际医学院MBBS项目(英语授课)新生奖学金。奖学金申请期限以各类奖学金申请办法公布为准。
cmtuqgwss00g04gyxcq31zx0c	scholarshipNoteRu	可申请:1.中国政府奖学金"国别项目"(仅面向汉语授课专业,通过各国留学生派遣部门申请,申请表第一志愿填浙江大学);2.浙江省政府来华留学生奖学金(仅面向汉语授课专业,填写申请表并与申请材料一起上传申请系统);3.浙江大学爱丁堡大学联合学院中外合作办学双学位项目(英语授课)奖学金;4.浙江大学国际联合商学院全球传播与管理项目(英语授课)奖学金;5.浙江大学"一带一路"国际医学院MBBS项目(英语授课)新生奖学金。奖学金申请期限以各类奖学金申请办法公布为准。
cmtuqgwsv00g14gyxrko15iab	scholarshipNoteRu	可申请:1.中国政府奖学金"国别项目"(仅面向汉语授课专业,通过各国留学生派遣部门申请,申请表第一志愿填浙江大学);2.浙江省政府来华留学生奖学金(仅面向汉语授课专业,填写申请表并与申请材料一起上传申请系统);3.浙江大学爱丁堡大学联合学院中外合作办学双学位项目(英语授课)奖学金;4.浙江大学国际联合商学院全球传播与管理项目(英语授课)奖学金;5.浙江大学"一带一路"国际医学院MBBS项目(英语授课)新生奖学金。奖学金申请期限以各类奖学金申请办法公布为准。
cmtuqgwsy00g24gyxmg0nvg85	scholarshipNoteRu	可申请:1.中国政府奖学金"国别项目"(仅面向汉语授课专业,通过各国留学生派遣部门申请,申请表第一志愿填浙江大学);2.浙江省政府来华留学生奖学金(仅面向汉语授课专业,填写申请表并与申请材料一起上传申请系统);3.浙江大学爱丁堡大学联合学院中外合作办学双学位项目(英语授课)奖学金;4.浙江大学国际联合商学院全球传播与管理项目(英语授课)奖学金;5.浙江大学"一带一路"国际医学院MBBS项目(英语授课)新生奖学金。奖学金申请期限以各类奖学金申请办法公布为准。
cmtuqgwt200g34gyx8dx2341e	scholarshipNoteRu	可申请:1.中国政府奖学金"国别项目"(仅面向汉语授课专业,通过各国留学生派遣部门申请,申请表第一志愿填浙江大学);2.浙江省政府来华留学生奖学金(仅面向汉语授课专业,填写申请表并与申请材料一起上传申请系统);3.浙江大学爱丁堡大学联合学院中外合作办学双学位项目(英语授课)奖学金;4.浙江大学国际联合商学院全球传播与管理项目(英语授课)奖学金;5.浙江大学"一带一路"国际医学院MBBS项目(英语授课)新生奖学金。奖学金申请期限以各类奖学金申请办法公布为准。
cmtuqgwt500g44gyxbu4yvwwf	scholarshipNoteRu	可申请:1.中国政府奖学金"国别项目"(仅面向汉语授课专业,通过各国留学生派遣部门申请,申请表第一志愿填浙江大学);2.浙江省政府来华留学生奖学金(仅面向汉语授课专业,填写申请表并与申请材料一起上传申请系统);3.浙江大学爱丁堡大学联合学院中外合作办学双学位项目(英语授课)奖学金;4.浙江大学国际联合商学院全球传播与管理项目(英语授课)奖学金;5.浙江大学"一带一路"国际医学院MBBS项目(英语授课)新生奖学金。奖学金申请期限以各类奖学金申请办法公布为准。
cmtuqgwt800g54gyxbcnzxlqr	scholarshipNoteRu	可申请:1.中国政府奖学金"国别项目"(仅面向汉语授课专业,通过各国留学生派遣部门申请,申请表第一志愿填浙江大学);2.浙江省政府来华留学生奖学金(仅面向汉语授课专业,填写申请表并与申请材料一起上传申请系统);3.浙江大学爱丁堡大学联合学院中外合作办学双学位项目(英语授课)奖学金;4.浙江大学国际联合商学院全球传播与管理项目(英语授课)奖学金;5.浙江大学"一带一路"国际医学院MBBS项目(英语授课)新生奖学金。奖学金申请期限以各类奖学金申请办法公布为准。
cmtuqgwtb00g64gyxehji4f91	scholarshipNoteRu	可申请:1.中国政府奖学金"国别项目"(仅面向汉语授课专业,通过各国留学生派遣部门申请,申请表第一志愿填浙江大学);2.浙江省政府来华留学生奖学金(仅面向汉语授课专业,填写申请表并与申请材料一起上传申请系统);3.浙江大学爱丁堡大学联合学院中外合作办学双学位项目(英语授课)奖学金;4.浙江大学国际联合商学院全球传播与管理项目(英语授课)奖学金;5.浙江大学"一带一路"国际医学院MBBS项目(英语授课)新生奖学金。奖学金申请期限以各类奖学金申请办法公布为准。
cmtuqgwtf00g74gyx9nzvb0nk	scholarshipNoteRu	可申请:1.中国政府奖学金"国别项目"(仅面向汉语授课专业,通过各国留学生派遣部门申请,申请表第一志愿填浙江大学);2.浙江省政府来华留学生奖学金(仅面向汉语授课专业,填写申请表并与申请材料一起上传申请系统);3.浙江大学爱丁堡大学联合学院中外合作办学双学位项目(英语授课)奖学金;4.浙江大学国际联合商学院全球传播与管理项目(英语授课)奖学金;5.浙江大学"一带一路"国际医学院MBBS项目(英语授课)新生奖学金。奖学金申请期限以各类奖学金申请办法公布为准。
cmtuqgwth00g84gyxwz88f99u	scholarshipNoteRu	可申请:1.中国政府奖学金"国别项目"(仅面向汉语授课专业,通过各国留学生派遣部门申请,申请表第一志愿填浙江大学);2.浙江省政府来华留学生奖学金(仅面向汉语授课专业,填写申请表并与申请材料一起上传申请系统);3.浙江大学爱丁堡大学联合学院中外合作办学双学位项目(英语授课)奖学金;4.浙江大学国际联合商学院全球传播与管理项目(英语授课)奖学金;5.浙江大学"一带一路"国际医学院MBBS项目(英语授课)新生奖学金。奖学金申请期限以各类奖学金申请办法公布为准。
cmtuqgwtl00g94gyx4ciybi0x	scholarshipNoteRu	可申请:1.中国政府奖学金"国别项目"(仅面向汉语授课专业,通过各国留学生派遣部门申请,申请表第一志愿填浙江大学);2.浙江省政府来华留学生奖学金(仅面向汉语授课专业,填写申请表并与申请材料一起上传申请系统);3.浙江大学爱丁堡大学联合学院中外合作办学双学位项目(英语授课)奖学金;4.浙江大学国际联合商学院全球传播与管理项目(英语授课)奖学金;5.浙江大学"一带一路"国际医学院MBBS项目(英语授课)新生奖学金。奖学金申请期限以各类奖学金申请办法公布为准。
cmtuqgwto00ga4gyx6jtv72qu	scholarshipNoteRu	可申请:1.中国政府奖学金"国别项目"(仅面向汉语授课专业,通过各国留学生派遣部门申请,申请表第一志愿填浙江大学);2.浙江省政府来华留学生奖学金(仅面向汉语授课专业,填写申请表并与申请材料一起上传申请系统);3.浙江大学爱丁堡大学联合学院中外合作办学双学位项目(英语授课)奖学金;4.浙江大学国际联合商学院全球传播与管理项目(英语授课)奖学金;5.浙江大学"一带一路"国际医学院MBBS项目(英语授课)新生奖学金。奖学金申请期限以各类奖学金申请办法公布为准。
cmtuqgwts00gb4gyx4ds3200j	scholarshipNoteRu	可申请:1.中国政府奖学金"国别项目"(仅面向汉语授课专业,通过各国留学生派遣部门申请,申请表第一志愿填浙江大学);2.浙江省政府来华留学生奖学金(仅面向汉语授课专业,填写申请表并与申请材料一起上传申请系统);3.浙江大学爱丁堡大学联合学院中外合作办学双学位项目(英语授课)奖学金;4.浙江大学国际联合商学院全球传播与管理项目(英语授课)奖学金;5.浙江大学"一带一路"国际医学院MBBS项目(英语授课)新生奖学金。奖学金申请期限以各类奖学金申请办法公布为准。
cmtuqgwtv00gc4gyx2jxckhs9	scholarshipNoteRu	可申请:1.中国政府奖学金"国别项目"(仅面向汉语授课专业,通过各国留学生派遣部门申请,申请表第一志愿填浙江大学);2.浙江省政府来华留学生奖学金(仅面向汉语授课专业,填写申请表并与申请材料一起上传申请系统);3.浙江大学爱丁堡大学联合学院中外合作办学双学位项目(英语授课)奖学金;4.浙江大学国际联合商学院全球传播与管理项目(英语授课)奖学金;5.浙江大学"一带一路"国际医学院MBBS项目(英语授课)新生奖学金。奖学金申请期限以各类奖学金申请办法公布为准。
cmtuqgwty00gd4gyxehd55p4p	scholarshipNoteRu	可申请:1.中国政府奖学金"国别项目"(仅面向汉语授课专业,通过各国留学生派遣部门申请,申请表第一志愿填浙江大学);2.浙江省政府来华留学生奖学金(仅面向汉语授课专业,填写申请表并与申请材料一起上传申请系统);3.浙江大学爱丁堡大学联合学院中外合作办学双学位项目(英语授课)奖学金;4.浙江大学国际联合商学院全球传播与管理项目(英语授课)奖学金;5.浙江大学"一带一路"国际医学院MBBS项目(英语授课)新生奖学金。奖学金申请期限以各类奖学金申请办法公布为准。
cmtuqgwu100ge4gyx8d7vtzod	scholarshipNoteRu	可申请:1.中国政府奖学金"国别项目"(仅面向汉语授课专业,通过各国留学生派遣部门申请,申请表第一志愿填浙江大学);2.浙江省政府来华留学生奖学金(仅面向汉语授课专业,填写申请表并与申请材料一起上传申请系统);3.浙江大学爱丁堡大学联合学院中外合作办学双学位项目(英语授课)奖学金;4.浙江大学国际联合商学院全球传播与管理项目(英语授课)奖学金;5.浙江大学"一带一路"国际医学院MBBS项目(英语授课)新生奖学金。奖学金申请期限以各类奖学金申请办法公布为准。
cmtuqgwu400gf4gyx8j1051kl	scholarshipNoteRu	可申请:1.中国政府奖学金"国别项目"(仅面向汉语授课专业,通过各国留学生派遣部门申请,申请表第一志愿填浙江大学);2.浙江省政府来华留学生奖学金(仅面向汉语授课专业,填写申请表并与申请材料一起上传申请系统);3.浙江大学爱丁堡大学联合学院中外合作办学双学位项目(英语授课)奖学金;4.浙江大学国际联合商学院全球传播与管理项目(英语授课)奖学金;5.浙江大学"一带一路"国际医学院MBBS项目(英语授课)新生奖学金。奖学金申请期限以各类奖学金申请办法公布为准。
cmtuqgwu700gg4gyx9gv3eij6	scholarshipNoteRu	可申请:1.中国政府奖学金"国别项目"(仅面向汉语授课专业,通过各国留学生派遣部门申请,申请表第一志愿填浙江大学);2.浙江省政府来华留学生奖学金(仅面向汉语授课专业,填写申请表并与申请材料一起上传申请系统);3.浙江大学爱丁堡大学联合学院中外合作办学双学位项目(英语授课)奖学金;4.浙江大学国际联合商学院全球传播与管理项目(英语授课)奖学金;5.浙江大学"一带一路"国际医学院MBBS项目(英语授课)新生奖学金。奖学金申请期限以各类奖学金申请办法公布为准。
cmtuqgwub00gh4gyxrm6h6bxw	scholarshipNoteRu	可申请:1.中国政府奖学金"国别项目"(仅面向汉语授课专业,通过各国留学生派遣部门申请,申请表第一志愿填浙江大学);2.浙江省政府来华留学生奖学金(仅面向汉语授课专业,填写申请表并与申请材料一起上传申请系统);3.浙江大学爱丁堡大学联合学院中外合作办学双学位项目(英语授课)奖学金;4.浙江大学国际联合商学院全球传播与管理项目(英语授课)奖学金;5.浙江大学"一带一路"国际医学院MBBS项目(英语授课)新生奖学金。奖学金申请期限以各类奖学金申请办法公布为准。
cmtuqgwuf00gi4gyxqnsbvg5l	scholarshipNoteRu	可申请:1.中国政府奖学金"国别项目"(仅面向汉语授课专业,通过各国留学生派遣部门申请,申请表第一志愿填浙江大学);2.浙江省政府来华留学生奖学金(仅面向汉语授课专业,填写申请表并与申请材料一起上传申请系统);3.浙江大学爱丁堡大学联合学院中外合作办学双学位项目(英语授课)奖学金;4.浙江大学国际联合商学院全球传播与管理项目(英语授课)奖学金;5.浙江大学"一带一路"国际医学院MBBS项目(英语授课)新生奖学金。奖学金申请期限以各类奖学金申请办法公布为准。
cmtuqgwui00gj4gyxrqw40nxo	scholarshipNoteRu	可申请:1.中国政府奖学金"国别项目"(仅面向汉语授课专业,通过各国留学生派遣部门申请,申请表第一志愿填浙江大学);2.浙江省政府来华留学生奖学金(仅面向汉语授课专业,填写申请表并与申请材料一起上传申请系统);3.浙江大学爱丁堡大学联合学院中外合作办学双学位项目(英语授课)奖学金;4.浙江大学国际联合商学院全球传播与管理项目(英语授课)奖学金;5.浙江大学"一带一路"国际医学院MBBS项目(英语授课)新生奖学金。奖学金申请期限以各类奖学金申请办法公布为准。
cmtuqgwul00gk4gyxwxj1u8th	scholarshipNoteRu	可申请:1.中国政府奖学金"国别项目"(仅面向汉语授课专业,通过各国留学生派遣部门申请,申请表第一志愿填浙江大学);2.浙江省政府来华留学生奖学金(仅面向汉语授课专业,填写申请表并与申请材料一起上传申请系统);3.浙江大学爱丁堡大学联合学院中外合作办学双学位项目(英语授课)奖学金;4.浙江大学国际联合商学院全球传播与管理项目(英语授课)奖学金;5.浙江大学"一带一路"国际医学院MBBS项目(英语授课)新生奖学金。奖学金申请期限以各类奖学金申请办法公布为准。
cmtuqgwup00gl4gyx9zlugq9j	scholarshipNoteRu	可申请:1.中国政府奖学金"国别项目"(仅面向汉语授课专业,通过各国留学生派遣部门申请,申请表第一志愿填浙江大学);2.浙江省政府来华留学生奖学金(仅面向汉语授课专业,填写申请表并与申请材料一起上传申请系统);3.浙江大学爱丁堡大学联合学院中外合作办学双学位项目(英语授课)奖学金;4.浙江大学国际联合商学院全球传播与管理项目(英语授课)奖学金;5.浙江大学"一带一路"国际医学院MBBS项目(英语授课)新生奖学金。奖学金申请期限以各类奖学金申请办法公布为准。
cmtuqgwus00gm4gyxf2n8wpho	scholarshipNoteRu	可申请:1.中国政府奖学金"国别项目"(仅面向汉语授课专业,通过各国留学生派遣部门申请,申请表第一志愿填浙江大学);2.浙江省政府来华留学生奖学金(仅面向汉语授课专业,填写申请表并与申请材料一起上传申请系统);3.浙江大学爱丁堡大学联合学院中外合作办学双学位项目(英语授课)奖学金;4.浙江大学国际联合商学院全球传播与管理项目(英语授课)奖学金;5.浙江大学"一带一路"国际医学院MBBS项目(英语授课)新生奖学金。奖学金申请期限以各类奖学金申请办法公布为准。
cmtuqgwuv00gn4gyxgqzu01qo	scholarshipNoteRu	可申请:1.中国政府奖学金"国别项目"(仅面向汉语授课专业,通过各国留学生派遣部门申请,申请表第一志愿填浙江大学);2.浙江省政府来华留学生奖学金(仅面向汉语授课专业,填写申请表并与申请材料一起上传申请系统);3.浙江大学爱丁堡大学联合学院中外合作办学双学位项目(英语授课)奖学金;4.浙江大学国际联合商学院全球传播与管理项目(英语授课)奖学金;5.浙江大学"一带一路"国际医学院MBBS项目(英语授课)新生奖学金。奖学金申请期限以各类奖学金申请办法公布为准。
cmtuqgwuy00go4gyx8crrm5xd	scholarshipNoteRu	可申请:1.中国政府奖学金"国别项目"(仅面向汉语授课专业,通过各国留学生派遣部门申请,申请表第一志愿填浙江大学);2.浙江省政府来华留学生奖学金(仅面向汉语授课专业,填写申请表并与申请材料一起上传申请系统);3.浙江大学爱丁堡大学联合学院中外合作办学双学位项目(英语授课)奖学金;4.浙江大学国际联合商学院全球传播与管理项目(英语授课)奖学金;5.浙江大学"一带一路"国际医学院MBBS项目(英语授课)新生奖学金。奖学金申请期限以各类奖学金申请办法公布为准。
cmtuqgwv200gp4gyxgnp8x5bp	scholarshipNoteRu	可申请:1.中国政府奖学金"国别项目"(仅面向汉语授课专业,通过各国留学生派遣部门申请,申请表第一志愿填浙江大学);2.浙江省政府来华留学生奖学金(仅面向汉语授课专业,填写申请表并与申请材料一起上传申请系统);3.浙江大学爱丁堡大学联合学院中外合作办学双学位项目(英语授课)奖学金;4.浙江大学国际联合商学院全球传播与管理项目(英语授课)奖学金;5.浙江大学"一带一路"国际医学院MBBS项目(英语授课)新生奖学金。奖学金申请期限以各类奖学金申请办法公布为准。
cmtuqgwv600gq4gyxzoebypxp	scholarshipNoteRu	可申请:1.中国政府奖学金"国别项目"(仅面向汉语授课专业,通过各国留学生派遣部门申请,申请表第一志愿填浙江大学);2.浙江省政府来华留学生奖学金(仅面向汉语授课专业,填写申请表并与申请材料一起上传申请系统);3.浙江大学爱丁堡大学联合学院中外合作办学双学位项目(英语授课)奖学金;4.浙江大学国际联合商学院全球传播与管理项目(英语授课)奖学金;5.浙江大学"一带一路"国际医学院MBBS项目(英语授课)新生奖学金。奖学金申请期限以各类奖学金申请办法公布为准。
cmtuqgwva00gr4gyx2li6zwu3	scholarshipNoteRu	可申请:1.中国政府奖学金"国别项目"(仅面向汉语授课专业,通过各国留学生派遣部门申请,申请表第一志愿填浙江大学);2.浙江省政府来华留学生奖学金(仅面向汉语授课专业,填写申请表并与申请材料一起上传申请系统);3.浙江大学爱丁堡大学联合学院中外合作办学双学位项目(英语授课)奖学金;4.浙江大学国际联合商学院全球传播与管理项目(英语授课)奖学金;5.浙江大学"一带一路"国际医学院MBBS项目(英语授课)新生奖学金。奖学金申请期限以各类奖学金申请办法公布为准。
cmtuqgwvd00gs4gyxswpc9zoz	scholarshipNoteRu	可申请:1.中国政府奖学金"国别项目"(仅面向汉语授课专业,通过各国留学生派遣部门申请,申请表第一志愿填浙江大学);2.浙江省政府来华留学生奖学金(仅面向汉语授课专业,填写申请表并与申请材料一起上传申请系统);3.浙江大学爱丁堡大学联合学院中外合作办学双学位项目(英语授课)奖学金;4.浙江大学国际联合商学院全球传播与管理项目(英语授课)奖学金;5.浙江大学"一带一路"国际医学院MBBS项目(英语授课)新生奖学金。奖学金申请期限以各类奖学金申请办法公布为准。
cmtuqgwvg00gt4gyx5060fu37	scholarshipNoteRu	可申请:1.中国政府奖学金"国别项目"(仅面向汉语授课专业,通过各国留学生派遣部门申请,申请表第一志愿填浙江大学);2.浙江省政府来华留学生奖学金(仅面向汉语授课专业,填写申请表并与申请材料一起上传申请系统);3.浙江大学爱丁堡大学联合学院中外合作办学双学位项目(英语授课)奖学金;4.浙江大学国际联合商学院全球传播与管理项目(英语授课)奖学金;5.浙江大学"一带一路"国际医学院MBBS项目(英语授课)新生奖学金。奖学金申请期限以各类奖学金申请办法公布为准。
cmtuqgwb100bq4gyxdshuap1q	scholarshipNoteRu	据简章附件三:中国政府奖学金-国别双边项目(2025年12月初至2026年5月,经本国留学生派遣部门/中国驻当地使领馆申请);国际中文教师奖学金(2026年3月初至5月初,chinese.cn与武大申请网站双通道);欧盟之窗奖学金(2025年12月至2026年2月,面向欧盟成员国学生);沙特阿拉伯国王奖学金(2025年11月1日至2026年5月30日,面向沙特籍本科申请者,优先预科生);留学武大——学历/进修生新生奖学金(面向自费优秀本科新生,随申请材料一并提交)。各奖学金具体名额与条件以当年通知为准。
